id,name,kind,midi_note,note_label,d_brightness,d_depth,d_hardness,d_roughness,d_warmth,d_sharpness,d_boominess,stored_a4_brightness,stored_a4_depth,stored_a4_hardness,stored_a4_roughness,stored_a4_warmth,stored_a4_sharpness,stored_a4_boominess
b107b944,Preset,random,45,A2,29.48883450842225,,28.29621753600088,47.62029159515579,67.19367216068237,33.30784609918718,50.227651196760064,27.11555354759932,66.80432886507158,15.997649744761105,44.15939595876564,67.206088879404,30.898974610013365,51.736936055249586
b107b944,Preset,random,57,A3,30.874791083866,71.47592464848054,19.953860451641816,45.97989414326018,67.24664354283502,29.374396341394895,52.009400881952445,27.11555354759932,66.80432886507158,15.997649744761105,44.15939595876564,67.206088879404,30.898974610013365,51.736936055249586
b107b944,Preset,random,69,A4,27.044828423676098,66.84655386512298,26.676921799955025,40.077575639186385,67.4248972885313,25.735020951454224,53.06329238156002,27.11555354759932,66.80432886507158,15.997649744761105,44.15939595876564,67.206088879404,30.898974610013365,51.736936055249586
b107b944,Preset,random,81,A5,34.66641492871187,57.90290765705872,25.152354572644086,47.30291062756042,69.80314015489144,21.792419861073732,44.64932536690667,27.11555354759932,66.80432886507158,15.997649744761105,44.15939595876564,67.206088879404,30.898974610013365,51.736936055249586
b107b944,Preset,random,93,A6,44.32914853924647,46.515062105161334,30.997069291775333,51.45403667248081,57.67462474217124,25.25222534096921,36.6520059279256,27.11555354759932,66.80432886507158,15.997649744761105,44.15939595876564,67.206088879404,30.898974610013365,51.736936055249586
ab5ee07f,Preset,random,45,A2,57.24094007007271,62.81232781498044,71.20116532261409,63.33118419434978,57.17407925931889,50.70638746077188,34.00188680693044,70.85709493543557,32.947527127545776,69.2706523579501,75.22956619584946,34.40323421979363,61.15588351799228,16.06781934380388
ab5ee07f,Preset,random,57,A3,65.09493488178732,45.45021304854918,64.24188383842792,70.84390304930005,41.84280290704882,56.13788217552816,26.65580453143511,70.85709493543557,32.947527127545776,69.2706523579501,75.22956619584946,34.40323421979363,61.15588351799228,16.06781934380388
ab5ee07f,Preset,random,69,A4,71.5704539254176,33.69269903115659,69.24647992564681,76.61629678740395,34.191863835243836,62.101924679194994,15.863502677919499,70.85709493543557,32.947527127545776,69.2706523579501,75.22956619584946,34.40323421979363,61.15588351799228,16.06781934380388
ab5ee07f,Preset,random,81,A5,76.10665412581656,21.34023577195194,72.58667550070388,78.26718277727454,21.5666370623233,67.85961199714465,-5.2147781340788555,70.85709493543557,32.947527127545776,69.2706523579501,75.22956619584946,34.40323421979363,61.15588351799228,16.06781934380388
ab5ee07f,Preset,random,93,A6,80.3283362618383,17.347071142307115,79.80729690055313,78.27978213439538,15.487080190844356,73.4585308541024,-7.997210486608068,70.85709493543557,32.947527127545776,69.2706523579501,75.22956619584946,34.40323421979363,61.15588351799228,16.06781934380388
c186b963,Preset,random,45,A2,46.25134090743404,81.13528977410884,52.195669598721025,0.0,61.37850843963474,46.087675104947394,38.938177717441036,30.11058752406682,69.64654393696998,41.27795158922612,25.91401790792371,60.867767792418846,41.35954068547511,48.019588431429895
c186b963,Preset,random,57,A3,43.85474895436862,,38.56501544019363,23.632445782733683,62.12121144702522,48.571751915602064,39.3461024330746,30.11058752406682,69.64654393696998,41.27795158922612,25.91401790792371,60.867767792418846,41.35954068547511,48.019588431429895
c186b963,Preset,random,69,A4,32.73132103720346,69.64383218735423,40.336748960901446,0.0,61.1178572386259,41.73710251862847,47.72396147772348,30.11058752406682,69.64654393696998,41.27795158922612,25.91401790792371,60.867767792418846,41.35954068547511,48.019588431429895
c186b963,Preset,random,81,A5,30.030319875812356,63.69226414457539,21.90694077303023,37.41302305679705,65.13543320229482,27.85730925846702,53.175663049386294,30.11058752406682,69.64654393696998,41.27795158922612,25.91401790792371,60.867767792418846,41.35954068547511,48.019588431429895
c186b963,Preset,random,93,A6,32.832276492325605,59.21635063749212,30.458995086941016,29.69128349032071,69.82133634836254,25.255481146133306,43.12089463396814,30.11058752406682,69.64654393696998,41.27795158922612,25.91401790792371,60.867767792418846,41.35954068547511,48.019588431429895
0b15e0e5,Preset,random,45,A2,36.99774484444897,56.12777365538244,32.03302100424371,29.669209520823827,65.69663973304134,23.707120670304683,38.2479401060924,52.21302679664083,19.21590707944756,51.38935280779069,45.3220784701766,41.79010051935219,33.36205925744935,27.58927527590856
0b15e0e5,Preset,random,57,A3,43.75066380400615,30.88762189124266,44.349456815444455,42.184741928261985,49.8625483233087,24.117811656013096,19.54874790127532,52.21302679664083,19.21590707944756,51.38935280779069,45.3220784701766,41.79010051935219,33.36205925744935,27.58927527590856
0b15e0e5,Preset,random,69,A4,52.7272490579517,19.736980314395545,50.79952262516841,44.222457095578456,41.339535897795216,35.83912293300329,27.73521042385261,52.21302679664083,19.21590707944756,51.38935280779069,45.3220784701766,41.79010051935219,33.36205925744935,27.58927527590856
0b15e0e5,Preset,random,81,A5,66.99784579589411,12.18653370133056,58.708401267989416,46.028340683383675,30.696696116494756,48.19704791349076,16.280473003770503,52.21302679664083,19.21590707944756,51.38935280779069,45.3220784701766,41.79010051935219,33.36205925744935,27.58927527590856
0b15e0e5,Preset,random,93,A6,77.58318636931577,45.437297654253314,50.68754783443197,45.20156308984189,35.810243393058,61.426718516204055,24.065333002783188,52.21302679664083,19.21590707944756,51.38935280779069,45.3220784701766,41.79010051935219,33.36205925744935,27.58927527590856
2319e2ba,Preset,random,45,A2,57.00997413730953,54.10509169057466,46.07892523588254,55.01758605280794,51.274074330905165,34.67382227059779,33.45330830759996,60.477390705898806,39.73847095459596,47.61060784500776,54.02716566527911,43.87787616178541,47.87929400857725,15.891325408226203
2319e2ba,Preset,random,57,A3,60.726716155109166,51.878929185662855,49.3035827603656,51.78433263055465,51.785492560162346,40.37608215363979,33.79680530659006,60.477390705898806,39.73847095459596,47.61060784500776,54.02716566527911,43.87787616178541,47.87929400857725,15.891325408226203
2319e2ba,Preset,random,69,A4,61.519049316126946,38.08133627299481,48.14078076543501,54.46918046029835,42.63679869603447,47.92134565376635,16.98880703541215,60.477390705898806,39.73847095459596,47.61060784500776,54.02716566527911,43.87787616178541,47.87929400857725,15.891325408226203
2319e2ba,Preset,random,81,A5,61.98202365124911,23.11778591303483,49.26479565007557,45.45100056529634,32.23473624440835,53.267253346792145,7.667513854813691,60.477390705898806,39.73847095459596,47.61060784500776,54.02716566527911,43.87787616178541,47.87929400857725,15.891325408226203
2319e2ba,Preset,random,93,A6,70.11817394128988,16.156592409973968,50.19056361995004,43.95125515394357,23.23425142245698,58.081922964483944,7.907485564136941,60.477390705898806,39.73847095459596,47.61060784500776,54.02716566527911,43.87787616178541,47.87929400857725,15.891325408226203
05a44a12,Preset,random,45,A2,47.57277805311675,56.429945863123095,54.80962964807068,49.000433898356484,57.50574347140085,36.537148170008784,39.22283841106428,48.66875566368402,58.40282588240982,52.30298781690425,49.85554286894425,55.20582349505747,37.69554739176671,38.293266082646355
05a44a12,Preset,random,57,A3,47.63954083009292,62.530563675809006,51.04992947248212,48.76485644726457,57.445198929319204,36.918307920439,37.2044800742794,48.66875566368402,58.40282588240982,52.30298781690425,49.85554286894425,55.20582349505747,37.69554739176671,38.293266082646355
05a44a12,Preset,random,69,A4,47.32411281386162,57.08222594130616,49.71515310521352,46.53407157911342,54.38266455726283,35.59902211603756,40.33855860437592,48.66875566368402,58.40282588240982,52.30298781690425,49.85554286894425,55.20582349505747,37.69554739176671,38.293266082646355
05a44a12,Preset,random,81,A5,42.89914796879058,56.94660342180737,41.54613251721236,41.43592281038455,58.72123217546545,30.331033489500104,42.694217356784065,48.66875566368402,58.40282588240982,52.30298781690425,49.85554286894425,55.20582349505747,37.69554739176671,38.293266082646355
05a44a12,Preset,random,93,A6,48.49915702182234,38.29510747428459,46.36255653106255,43.54333440182825,48.14164517943664,34.69929439733017,26.12409198009665,48.66875566368402,58.40282588240982,52.30298781690425,49.85554286894425,55.20582349505747,37.69554739176671,38.293266082646355
d70365cd,Preset,random,45,A2,17.92480401342592,72.87909621079314,31.800131442173182,37.23288450916502,59.63039529888951,39.061700698812416,50.94672310618008,28.218490959011106,71.42588517887289,44.32739401984105,43.06530426995936,60.940646497199936,43.57935773461588,45.359593476179654
d70365cd,Preset,random,57,A3,23.156939754236546,73.97258062630625,31.790931459737166,42.237719620003695,56.53097062490983,28.910310071406414,55.04970985661623,28.218490959011106,71.42588517887289,44.32739401984105,43.06530426995936,60.940646497199936,43.57935773461588,45.359593476179654
d70365cd,Preset,random,69,A4,27.975518721813497,71.84019468037395,39.769376914444805,44.894872113422764,63.695691659642705,40.54436503934333,48.27324326351729,28.218490959011106,71.42588517887289,44.32739401984105,43.06530426995936,60.940646497199936,43.57935773461588,45.359593476179654
d70365cd,Preset,random,81,A5,30.581974887922435,74.87662568980365,43.36851275394747,37.180513430324346,64.78488875827591,42.651727319835466,43.97028690781764,28.218490959011106,71.42588517887289,44.32739401984105,43.06530426995936,60.940646497199936,43.57935773461588,45.359593476179654
d70365cd,Preset,random,93,A6,33.78781871777831,76.97844842975053,44.8841000403757,36.51815307810365,61.96185093526812,47.71367301597249,39.66273601204859,28.218490959011106,71.42588517887289,44.32739401984105,43.06530426995936,60.940646497199936,43.57935773461588,45.359593476179654
ebb7c21a,Preset,random,45,A2,70.7949175447873,41.599642195349674,59.410451025113105,72.74325393120515,36.6536543782998,59.17829906568237,20.45295851464661,84.12209273056213,41.756875713684856,66.83729017629213,82.61453465711499,23.474763989791683,76.45911393727698,15.477293290468587
ebb7c21a,Preset,random,57,A3,80.73323623832968,38.537818505186586,63.72212228438252,78.85215672116428,28.42774306917893,71.58082755303246,15.444722854400618,84.12209273056213,41.756875713684856,66.83729017629213,82.61453465711499,23.474763989791683,76.45911393727698,15.477293290468587
ebb7c21a,Preset,random,69,A4,84.02157360956807,36.77533293711103,66.19675825106077,82.57325843129271,24.021476178237833,75.79630461001642,15.635174068735889,84.12209273056213,41.756875713684856,66.83729017629213,82.61453465711499,23.474763989791683,76.45911393727698,15.477293290468587
ebb7c21a,Preset,random,81,A5,84.5634033648265,42.7143272375143,67.19483177306796,83.61653157631827,22.475993912309487,76.27895141267322,15.259241167935782,84.12209273056213,41.756875713684856,66.83729017629213,82.61453465711499,23.474763989791683,76.45911393727698,15.477293290468587
ebb7c21a,Preset,random,93,A6,84.426741781211,37.58881008823074,67.04682153481235,83.53094069641216,22.584000919770506,75.79398838469747,17.094774313289037,84.12209273056213,41.756875713684856,66.83729017629213,82.61453465711499,23.474763989791683,76.45911393727698,15.477293290468587
8983e95e,Preset,random,45,A2,55.40954814512998,43.24153177447931,51.6516302155797,49.19284739834098,50.0501665211942,32.82775424133355,27.111441163020114,62.9749153369482,22.994951630156514,59.59726367650333,41.45468763829864,37.39166973616958,53.18743568349506,10.999970884545878
8983e95e,Preset,random,57,A3,58.395401705817804,31.818086420205432,39.704120532622056,45.434071350088836,44.25032790228828,37.05809676625783,19.999778870810438,62.9749153369482,22.994951630156514,59.59726367650333,41.45468763829864,37.39166973616958,53.18743568349506,10.999970884545878
8983e95e,Preset,random,69,A4,63.26944318561701,23.06424042822391,57.142784477874244,41.46169633970077,37.30932487465513,53.121591033898596,12.350732774586078,62.9749153369482,22.994951630156514,59.59726367650333,41.45468763829864,37.39166973616958,53.18743568349506,10.999970884545878
8983e95e,Preset,random,81,A5,73.92942632222235,12.910091417069573,63.4345201154193,34.76583132058424,24.82858187137954,63.89232841113345,-4.29979905066207,62.9749153369482,22.994951630156514,59.59726367650333,41.45468763829864,37.39166973616958,53.18743568349506,10.999970884545878
8983e95e,Preset,random,93,A6,79.83532815438915,45.203169470926596,64.00993539450442,32.82009486900185,34.12268798276977,70.83609849118261,18.43643839868626,62.9749153369482,22.994951630156514,59.59726367650333,41.45468763829864,37.39166973616958,53.18743568349506,10.999970884545878
863de2f5,Preset,random,45,A2,43.64824676865429,66.7729796219695,43.35621623121929,52.41892461459072,64.43264737352656,27.807421519154268,42.3717896470405,56.22960871934401,54.8807445394356,48.210636196634994,58.03114275549231,55.81024160697836,32.96770423725143,34.78222540156662
863de2f5,Preset,random,57,A3,49.98574346387518,62.6978302093072,46.94943831705737,55.2059925670866,60.33969574639098,30.722818087543796,35.661712283644476,56.22960871934401,54.8807445394356,48.210636196634994,58.03114275549231,55.81024160697836,32.96770423725143,34.78222540156662
863de2f5,Preset,random,69,A4,54.50888243004671,52.27755603593965,53.554065228079196,58.04662210998629,56.35036934843403,32.7237101563699,32.87422802794874,56.22960871934401,54.8807445394356,48.210636196634994,58.03114275549231,55.81024160697836,32.96770423725143,34.78222540156662
863de2f5,Preset,random,81,A5,58.46453943128572,42.329791193304075,55.49327790708051,60.764216952165,52.59869404275785,36.74763682042864,28.86628054718523,56.22960871934401,54.8807445394356,48.210636196634994,58.03114275549231,55.81024160697836,32.96770423725143,34.78222540156662
863de2f5,Preset,random,93,A6,62.80384535234115,29.579804478989892,53.25676754461938,62.912908183409805,46.714290604143656,42.311010844667464,15.095676710269682,56.22960871934401,54.8807445394356,48.210636196634994,58.03114275549231,55.81024160697836,32.96770423725143,34.78222540156662
740214b7,Preset,random,45,A2,66.744538510407,62.31860383075397,58.94387277188264,57.97851719596888,43.50836453401808,56.19691212842714,29.79401887048177,75.56360524479611,45.26082401507409,68.67144705648786,69.39026829938997,26.39440901553327,67.25128233239039,18.770364459688313
740214b7,Preset,random,57,A3,70.55431026034876,52.482454762664936,63.85880524344441,62.7820728531434,38.35465645514532,63.280406359125294,24.222885611515242,75.56360524479611,45.26082401507409,68.67144705648786,69.39026829938997,26.39440901553327,67.25128233239039,18.770364459688313
740214b7,Preset,random,69,A4,72.16621880904046,50.74840011582211,66.50731452424623,62.35423504174177,28.451318708689936,65.4121372103925,18.98177282185405,75.56360524479611,45.26082401507409,68.67144705648786,69.39026829938997,26.39440901553327,67.25128233239039,18.770364459688313
740214b7,Preset,random,81,A5,77.79421041949834,37.58229273167382,71.65253383043941,68.86915233596703,20.250906765384713,65.56132920132097,19.778095263467847,75.56360524479611,45.26082401507409,68.67144705648786,69.39026829938997,26.39440901553327,67.25128233239039,18.770364459688313
740214b7,Preset,random,93,A6,78.85256619470891,37.02002198693737,68.457133201624,66.87192031807872,22.348638150586027,65.53934221893803,21.791125263927768,75.56360524479611,45.26082401507409,68.67144705648786,69.39026829938997,26.39440901553327,67.25128233239039,18.770364459688313
3c713816,Preset,random,45,A2,22.78226962915911,75.73405628553782,25.92780497163831,38.86023826107189,66.32855300026424,18.369664219171437,53.95185524562406,29.430861426465107,72.63982539199549,29.301279078926598,42.23967768946521,63.2291489979641,20.57561535019535,49.48024585773135
3c713816,Preset,random,57,A3,26.396330180758344,74.13701795290136,19.98198408145629,37.75291295792523,68.9516089269016,16.085165297698047,49.24450196367342,29.430861426465107,72.63982539199549,29.301279078926598,42.23967768946521,63.2291489979641,20.57561535019535,49.48024585773135
3c713816,Preset,random,69,A4,29.68622559332855,72.60916378287683,29.923895443339518,40.979545869104335,63.58322918215152,17.56505083525118,49.520430789101674,29.430861426465107,72.63982539199549,29.301279078926598,42.23967768946521,63.2291489979641,20.57561535019535,49.48024585773135
3c713816,Preset,random,81,A5,30.076828057751705,70.20929521073283,28.47240053126643,43.93412109487229,65.05250467720766,17.238062372544206,50.88828172660236,29.430861426465107,72.63982539199549,29.301279078926598,42.23967768946521,63.2291489979641,20.57561535019535,49.48024585773135
3c713816,Preset,random,93,A6,31.615591815764997,69.22771809421798,24.466677572355295,44.2631171432784,63.222184155537164,15.542117749711633,51.53519228295569,29.430861426465107,72.63982539199549,29.301279078926598,42.23967768946521,63.2291489979641,20.57561535019535,49.48024585773135
78f5e5a9,Preset,random,45,A2,44.10661507665232,72.27068697464745,47.32267383074938,49.92936438696723,57.183633612870665,36.769818815920054,42.278128643041924,46.962529980762596,62.80543601338537,55.01110293502873,38.9706291204342,53.93418907327299,34.25303116715087,37.04308072982356
78f5e5a9,Preset,random,57,A3,44.86659088564407,75.1820917838708,51.447928542207734,42.539943919550154,53.68692310575773,37.482750497997095,43.52319494856569,46.962529980762596,62.80543601338537,55.01110293502873,38.9706291204342,53.93418907327299,34.25303116715087,37.04308072982356
78f5e5a9,Preset,random,69,A4,47.12329090416179,62.303975368263615,47.85518640300472,38.40783858595914,51.78889650179079,34.98700012853638,36.71729370503533,46.962529980762596,62.80543601338537,55.01110293502873,38.9706291204342,53.93418907327299,34.25303116715087,37.04308072982356
78f5e5a9,Preset,random,81,A5,53.155141793278986,49.748203262173824,56.04172558942744,35.37146268713852,41.82848971803354,40.81080541488386,25.639150475054382,46.962529980762596,62.80543601338537,55.01110293502873,38.9706291204342,53.93418907327299,34.25303116715087,37.04308072982356
78f5e5a9,Preset,random,93,A6,58.151239540665344,38.5004664901398,57.82478164778962,0.0,37.99969483455026,48.899268183533806,28.16489626114731,46.962529980762596,62.80543601338537,55.01110293502873,38.9706291204342,53.93418907327299,34.25303116715087,37.04308072982356
6db5f6a2,Preset,random,45,A2,55.00082740210121,62.33753725398209,58.714606107404734,52.873031976130235,45.576772093155945,50.75272399906595,36.16717561451421,62.70350801524149,28.909141548589872,60.21398845027119,47.896455797738575,24.915986931466055,57.682115983430656,-0.7784657185341608
6db5f6a2,Preset,random,57,A3,56.97924412830652,55.8041316006138,60.31843854129497,50.081594785599194,42.775457625642545,52.73848252873819,30.7467412324784,62.70350801524149,28.909141548589872,60.21398845027119,47.896455797738575,24.915986931466055,57.682115983430656,-0.7784657185341608
6db5f6a2,Preset,random,69,A4,62.68702761065712,29.391556450568913,61.16551621399111,48.15889105389261,25.215841966765122,57.5692079264049,0.9087448434837775,62.70350801524149,28.909141548589872,60.21398845027119,47.896455797738575,24.915986931466055,57.682115983430656,-0.7784657185341608
6db5f6a2,Preset,random,81,A5,69.32593145528794,17.586609949838106,63.97467682715123,48.05214692090403,20.859318480952982,65.66688507104067,8.829010847831007,62.70350801524149,28.909141548589872,60.21398845027119,47.896455797738575,24.915986931466055,57.682115983430656,-0.7784657185341608
6db5f6a2,Preset,random,93,A6,74.80379357039735,11.1097393925184,61.80479045270013,52.68179022430484,18.505332587036236,74.6001083238435,-13.53791156793229,62.70350801524149,28.909141548589872,60.21398845027119,47.896455797738575,24.915986931466055,57.682115983430656,-0.7784657185341608
220876c7,Preset,random,45,A2,20.326120742928474,69.45553562501023,16.999656417527987,49.246553122330134,67.02014404930618,27.280069880123534,52.84426081324231,37.85288276979877,50.691038187882384,32.24648386711742,35.015625545986644,69.11575143765035,23.279494817298307,38.996670128368194
220876c7,Preset,random,57,A3,27.628811879498787,61.477736835147994,24.501925167559648,42.27188082159721,67.1018238239511,19.09275339120522,50.06199546578024,37.85288276979877,50.691038187882384,32.24648386711742,35.015625545986644,69.11575143765035,23.279494817298307,38.996670128368194
220876c7,Preset,random,69,A4,39.16912216371004,51.71879574835975,38.12231136984171,41.7274707539502,69.9285442675191,22.091747192121208,38.52641349128734,37.85288276979877,50.691038187882384,32.24648386711742,35.015625545986644,69.11575143765035,23.279494817298307,38.996670128368194
220876c7,Preset,random,81,A5,50.884284349106736,46.921688741032995,43.88758463094641,47.63281627633613,46.96152028497774,34.79367882107142,6.9571204449863835,37.85288276979877,50.691038187882384,32.24648386711742,35.015625545986644,69.11575143765035,23.279494817298307,38.996670128368194
220876c7,Preset,random,93,A6,60.76836378207845,28.778593930576278,56.925197922651904,57.28772687779335,38.534344706235586,49.54125285931702,16.837666573266425,37.85288276979877,50.691038187882384,32.24648386711742,35.015625545986644,69.11575143765035,23.279494817298307,38.996670128368194
d6dad923,Preset,random,45,A2,16.513261607381736,71.642664272351,34.743734774016474,35.810908681356395,54.317601581087615,36.73237563710072,50.44181739011656,22.059245308510715,75.2109869991427,38.96728236218429,31.96420446436907,55.64780233755725,48.272070514945554,40.51029977505358
d6dad923,Preset,random,57,A3,22.608994901645687,74.64889942655273,31.958636876134292,30.799177696632544,55.36781623944857,41.90256468452995,48.598156007047194,22.059245308510715,75.2109869991427,38.96728236218429,31.96420446436907,55.64780233755725,48.272070514945554,40.51029977505358
d6dad923,Preset,random,69,A4,19.656390803966246,75.13867286440473,28.352071920122185,28.524611323725804,53.97854697955938,47.21439270602232,42.67612889984112,22.059245308510715,75.2109869991427,38.96728236218429,31.96420446436907,55.64780233755725,48.272070514945554,40.51029977505358
d6dad923,Preset,random,81,A5,16.398625822723893,74.70276514417385,35.40560815266555,32.38398632216233,58.4315630761384,44.031124989825166,45.89569818998478,22.059245308510715,75.2109869991427,38.96728236218429,31.96420446436907,55.64780233755725,48.272070514945554,40.51029977505358
d6dad923,Preset,random,93,A6,19.833180714807966,74.06284198171831,30.29278280681119,35.41942281702629,57.103526208231074,43.795935709621524,46.282587728337674,22.059245308510715,75.2109869991427,38.96728236218429,31.96420446436907,55.64780233755725,48.272070514945554,40.51029977505358
5bdf5412,Preset,random,45,A2,45.11795583112335,52.004848413149894,28.915887863874545,43.96373133987657,55.458852976124575,25.22460991531495,27.427830224933334,68.95912327512391,32.506244223935035,46.91000571571806,47.84998246043045,38.75606037589492,51.29321746746498,20.546953236117115
5bdf5412,Preset,random,57,A3,56.92070694681992,21.044795365967637,42.21226212638936,44.113188066311295,45.011179326117215,40.21840936467176,17.045303762205673,68.95912327512391,32.506244223935035,46.91000571571806,47.84998246043045,38.75606037589492,51.29321746746498,20.546953236117115
5bdf5412,Preset,random,69,A4,68.32424194866836,41.928861824405175,44.00562672413059,46.30527570955461,38.80178666997494,49.73173712723031,30.232209325419753,68.95912327512391,32.506244223935035,46.91000571571806,47.84998246043045,38.75606037589492,51.29321746746498,20.546953236117115
5bdf5412,Preset,random,81,A5,76.08085204745888,34.80596057307804,50.37529825746543,50.5086112423062,28.075458647522677,65.38198224200343,19.61037190673631,68.95912327512391,32.506244223935035,46.91000571571806,47.84998246043045,38.75606037589492,51.29321746746498,20.546953236117115
5bdf5412,Preset,random,93,A6,78.47123079568573,27.591413686036766,51.47731301107464,55.09303229643985,20.77573685245754,74.41816095729955,-7.492440126520222,68.95912327512391,32.506244223935035,46.91000571571806,47.84998246043045,38.75606037589492,51.29321746746498,20.546953236117115
f2d149f0,Preset,random,45,A2,10.463314006161667,69.7424239033663,24.28972701217249,44.63428844967903,65.08328277372844,27.35687862257567,56.45351574528636,30.694357696149353,65.70296589649338,27.400282091795788,48.384136028776794,65.76233269389704,18.55218891645567,40.801338619922234
f2d149f0,Preset,random,57,A3,13.215910231364802,74.15098249242695,29.12195047284301,45.23195267119267,69.54990622137657,19.489881894697238,53.51108308456266,30.694357696149353,65.70296589649338,27.400282091795788,48.384136028776794,65.76233269389704,18.55218891645567,40.801338619922234
f2d149f0,Preset,random,69,A4,28.578992096041873,65.93006156796008,25.802705028962848,47.6662952184175,66.08484657179545,16.729434789614725,40.29056312351831,30.694357696149353,65.70296589649338,27.400282091795788,48.384136028776794,65.76233269389704,18.55218891645567,40.801338619922234
f2d149f0,Preset,random,81,A5,43.03705039061326,61.86818366664305,31.41216965538679,51.11014081902469,60.61902885483711,24.097060129060978,41.1241443895056,30.694357696149353,65.70296589649338,27.400282091795788,48.384136028776794,65.76233269389704,18.55218891645567,40.801338619922234
f2d149f0,Preset,random,93,A6,48.065157651184,59.225214482387244,37.63955494183418,48.59529791881086,66.25656692198453,32.06375091979956,36.8371866903191,30.694357696149353,65.70296589649338,27.400282091795788,48.384136028776794,65.76233269389704,18.55218891645567,40.801338619922234
73fa4b00,Preset,random,45,A2,4.34444280015407,75.81689688760827,18.296056531145695,24.984102801753583,64.37886535727176,37.52502419753749,52.765926154665934,16.312376119722828,76.05771277109294,23.45384857635716,40.23103929006342,64.66833663192226,30.24647828809596,53.80888743673522
73fa4b00,Preset,random,57,A3,8.34221261785283,71.70546601546606,17.00028220725639,36.33211512261116,63.11823897759855,32.83606532205744,54.48347566151757,16.312376119722828,76.05771277109294,23.45384857635716,40.23103929006342,64.66833663192226,30.24647828809596,53.80888743673522
73fa4b00,Preset,random,69,A4,14.87397502914473,76.89931180434544,27.301960270007953,42.29068013528293,62.03903119865337,28.034206971223362,55.725490485225464,16.312376119722828,76.05771277109294,23.45384857635716,40.23103929006342,64.66833663192226,30.24647828809596,53.80888743673522
73fa4b00,Preset,random,81,A5,17.66886556423308,72.48437362520647,33.77443305753836,39.706119087756335,63.533759492696085,38.18143967762579,49.768271434690654,16.312376119722828,76.05771277109294,23.45384857635716,40.23103929006342,64.66833663192226,30.24647828809596,53.80888743673522
73fa4b00,Preset,random,93,A6,19.508616967197177,72.08656396448653,22.052527684696216,43.36190892299355,63.29448733461882,21.628166359509756,52.21376977361085,16.312376119722828,76.05771277109294,23.45384857635716,40.23103929006342,64.66833663192226,30.24647828809596,53.80888743673522
3f46c956,Preset,random,45,A2,12.609800408761167,62.84016038051763,20.516968904795633,28.61359477427448,66.53559669194937,26.37775754403902,54.31962517655525,27.095934899842916,31.183435604729574,25.816625330730375,0.0,50.53958685737751,28.99231625472914,15.96331054961269
3f46c956,Preset,random,57,A3,18.571756140004368,57.720088856863754,17.148104824641365,25.48570679065972,70.69108889197516,23.887616529671163,43.558208082267356,27.095934899842916,31.183435604729574,25.816625330730375,0.0,50.53958685737751,28.99231625472914,15.96331054961269
3f46c956,Preset,random,69,A4,27.09616153418076,31.321744677703734,26.90885435272689,0.0,50.525752888808356,28.69894537470521,15.937025894184965,27.095934899842916,31.183435604729574,25.816625330730375,0.0,50.53958685737751,28.99231625472914,15.96331054961269
3f46c956,Preset,random,81,A5,48.47149191255081,16.469429498344823,37.58489351335906,26.832570730797933,45.609474216384484,39.934463609417335,18.652975637292343,27.095934899842916,31.183435604729574,25.816625330730375,0.0,50.53958685737751,28.99231625472914,15.96331054961269
3f46c956,Preset,random,93,A6,67.94810426115588,9.364303741284779,48.834287267728655,0.0,35.97769973440464,51.95791226072157,-8.968737663227706,27.095934899842916,31.183435604729574,25.816625330730375,0.0,50.53958685737751,28.99231625472914,15.96331054961269
269eb150,Preset,random,45,A2,44.18997589701299,70.59586344851627,67.498353146256,21.638542507104432,48.93421279474914,44.7932689062176,48.26131156214179,64.79416505833456,40.22656073225169,85.48347650495651,45.27767911847083,32.05961889825787,56.33941502553949,36.15410587315762
269eb150,Preset,random,57,A3,52.7292934936502,69.01353379975653,80.59906164979412,35.23842832459964,42.97624014196818,50.366951456620434,46.78107509422547,64.79416505833456,40.22656073225169,85.48347650495651,45.27767911847083,32.05961889825787,56.33941502553949,36.15410587315762
269eb150,Preset,random,69,A4,65.0780899687226,37.47281217883118,85.68598059385167,42.39889889023499,30.721903959840752,54.82433033813132,36.736890963803,64.79416505833456,40.22656073225169,85.48347650495651,45.27767911847083,32.05961889825787,56.33941502553949,36.15410587315762
269eb150,Preset,random,81,A5,75.47955007723344,35.86431218161854,90.63328208129292,48.96332925752702,16.085539388855576,62.56005059694748,21.70851890365668,64.79416505833456,40.22656073225169,85.48347650495651,45.27767911847083,32.05961889825787,56.33941502553949,36.15410587315762
269eb150,Preset,random,93,A6,77.38299527134083,37.55659292402326,91.26464153523892,48.38269428195047,12.814570742959496,67.90233248199706,23.08308040005375,64.79416505833456,40.22656073225169,85.48347650495651,45.27767911847083,32.05961889825787,56.33941502553949,36.15410587315762
8ed4db16,Preset,random,45,A2,86.37551182602003,53.557668115237334,59.09356266357855,72.41253721448875,44.63997280234434,64.15815773745466,44.559755976830985,91.31005963390827,27.038509477495623,64.08212344483229,81.98417752315473,23.5707064008994,78.24002224646566,14.141490090724652
8ed4db16,Preset,random,57,A3,90.51699162967554,38.68591158599412,64.00574880297188,81.05745244909421,36.48218801287486,72.95794185015984,37.76584908692599,91.31005963390827,27.038509477495623,64.08212344483229,81.98417752315473,23.5707064008994,78.24002224646566,14.141490090724652
8ed4db16,Preset,random,69,A4,91.25565543158494,21.075410343652145,64.33844610583287,82.50809542867748,23.736376235900423,78.5584102225008,17.754906596960907,91.31005963390827,27.038509477495623,64.08212344483229,81.98417752315473,23.5707064008994,78.24002224646566,14.141490090724652
8ed4db16,Preset,random,81,A5,91.31969389305424,-0.7001000563316495,62.928822599146486,82.59716532665175,21.762424197640147,81.66450580705623,-20.415192170709346,91.31005963390827,27.038509477495623,64.08212344483229,81.98417752315473,23.5707064008994,78.24002224646566,14.141490090724652
8ed4db16,Preset,random,93,A6,91.30192395272518,-6.196246408259356,63.12086518187533,80.47459203214694,22.540156718707568,81.37159013249419,-25.214845639897206,91.31005963390827,27.038509477495623,64.08212344483229,81.98417752315473,23.5707064008994,78.24002224646566,14.141490090724652
c518374c,Preset,random,45,A2,62.9394040272337,60.4218952567127,61.3465151328208,67.00313134872482,43.146943640660666,53.64988232614354,32.884410700139526,66.80646522067713,35.00317781701209,66.63211661208652,74.17533330971199,29.226128012375383,58.183088740238716,19.827747953590194
c518374c,Preset,random,57,A3,64.39150433836257,48.404274041750654,70.07961006460812,70.4131603689515,35.680326259237425,56.00584717293682,20.8085580170558,66.80646522067713,35.00317781701209,66.63211661208652,74.17533330971199,29.226128012375383,58.183088740238716,19.827747953590194
c518374c,Preset,random,69,A4,66.80625099477477,35.003156024077995,66.63170969498682,74.18518590439975,29.226552881970477,58.18361077780837,19.825920933696384,66.80646522067713,35.00317781701209,66.63211661208652,74.17533330971199,29.226128012375383,58.183088740238716,19.827747953590194
c518374c,Preset,random,81,A5,70.43334130782077,23.69809901704175,71.35518987820123,76.87837080566908,20.884147225045893,63.40402675413303,2.0324367325469765,66.80646522067713,35.00317781701209,66.63211661208652,74.17533330971199,29.226128012375383,58.183088740238716,19.827747953590194
c518374c,Preset,random,93,A6,75.53192068289295,19.35818407472776,72.07424775998001,79.07850133601733,19.919591933657127,69.56300138967515,0.8126105506377996,66.80646522067713,35.00317781701209,66.63211661208652,74.17533330971199,29.226128012375383,58.183088740238716,19.827747953590194
4c463708,Preset,random,45,A2,90.6431264456784,35.30011677452944,72.22952400127309,86.33058312251889,20.223755812914412,78.90137990896875,9.744060232928888,90.35325641908582,21.962613789028545,72.14616952967879,86.01510186722956,19.84873866555931,79.34172676831838,-1.4460014403252757
4c463708,Preset,random,57,A3,90.6729420219998,26.883428146528438,71.0022588919924,85.52722712348103,20.905857232936302,79.43097075924604,6.682828937629843,90.35325641908582,21.962613789028545,72.14616952967879,86.01510186722956,19.84873866555931,79.34172676831838,-1.4460014403252757
4c463708,Preset,random,69,A4,90.77339817080151,26.634113814202678,67.53176575857043,84.73195453550039,20.951525057186842,79.85736139531708,9.004381307978107,90.35325641908582,21.962613789028545,72.14616952967879,86.01510186722956,19.84873866555931,79.34172676831838,-1.4460014403252757
4c463708,Preset,random,81,A5,90.84493600555997,22.473472274737077,66.99530994110864,80.08075259707252,20.914106613247185,81.72767901590626,-8.37738911253475,90.35325641908582,21.962613789028545,72.14616952967879,86.01510186722956,19.84873866555931,79.34172676831838,-1.4460014403252757
4c463708,Preset,random,93,A6,90.88322665272493,12.37572934169846,67.56036549404672,74.04925094674601,20.078033228204976,83.78689324749618,-27.309735526508184,90.35325641908582,21.962613789028545,72.14616952967879,86.01510186722956,19.84873866555931,79.34172676831838,-1.4460014403252757
42db55b2,Preset,random,45,A2,33.57485988775847,66.59564842910984,32.32187198222667,49.032613632237585,67.77252508175587,19.53593751631042,47.80525697933386,44.59986926196807,51.07590661363181,40.24351683106369,54.915357053517745,62.54532345262429,25.291303766227855,35.71776922079753
42db55b2,Preset,random,57,A3,40.45320553207407,53.96732893215836,32.268773138554764,50.28306881317783,62.35407890446622,20.81104967004852,38.09518720546474,44.59986926196807,51.07590661363181,40.24351683106369,54.915357053517745,62.54532345262429,25.291303766227855,35.71776922079753
42db55b2,Preset,random,69,A4,46.439497965346035,49.31766190246273,46.61788977514837,55.286356605702366,62.09285125605764,30.13892510978421,35.483513420186604,44.59986926196807,51.07590661363181,40.24351683106369,54.915357053517745,62.54532345262429,25.291303766227855,35.71776922079753
42db55b2,Preset,random,81,A5,50.43186318061084,29.14548087238883,42.53814109286168,55.20240359654629,49.21073066196542,34.45105255913553,16.542075524015182,44.59986926196807,51.07590661363181,40.24351683106369,54.915357053517745,62.54532345262429,25.291303766227855,35.71776922079753
42db55b2,Preset,random,93,A6,60.763659864053515,20.73925487250186,57.71990430938337,59.88752228834723,40.11910815920366,46.03133710315288,10.352182555507206,44.59986926196807,51.07590661363181,40.24351683106369,54.915357053517745,62.54532345262429,25.291303766227855,35.71776922079753
5a99e587,Preset,random,45,A2,65.86497726593186,48.541345749279856,52.52773590051828,65.45985056921533,42.985991650768376,47.73416186745342,25.2496426279681,68.02606967720182,42.03885080718746,54.047597367104146,67.17095834390098,41.66822579402567,48.72395448102749,25.13319171322468
5a99e587,Preset,random,57,A3,66.90010302658496,47.61363514763869,57.96917361539329,66.39954718048006,42.832977700019974,48.496327102791334,24.248583083073296,68.02606967720182,42.03885080718746,54.047597367104146,67.17095834390098,41.66822579402567,48.72395448102749,25.13319171322468
5a99e587,Preset,random,69,A4,68.19544730872029,41.425430462505986,54.84156475924095,66.7198134180582,41.22868925121796,48.874976267722346,25.449171451572514,68.02606967720182,42.03885080718746,54.047597367104146,67.17095834390098,41.66822579402567,48.72395448102749,25.13319171322468
5a99e587,Preset,random,81,A5,68.83101555734581,44.62822206094876,59.533474248290304,67.63108744665148,41.427016587114906,50.34976992459838,24.536028698401914,68.02606967720182,42.03885080718746,54.047597367104146,67.17095834390098,41.66822579402567,48.72395448102749,25.13319171322468
5a99e587,Preset,random,93,A6,68.30742662832692,45.65095659331864,58.18643918441629,66.78284245038415,41.05427394341797,49.704140342710694,22.630498501158165,68.02606967720182,42.03885080718746,54.047597367104146,67.17095834390098,41.66822579402567,48.72395448102749,25.13319171322468
df79fd5c,Preset,random,45,A2,37.23338634499673,65.5711302441893,37.855995414565044,43.49371244681075,61.91523888801676,29.484963822262262,50.319543872507566,45.08161348978301,51.06441284218528,30.70073051062434,51.72120833315725,57.17945833586206,30.84984448540701,32.43056483398942
df79fd5c,Preset,random,57,A3,40.07850636245999,66.23832369367462,36.339214747783345,53.71595195569129,67.56494824506404,23.888890046401208,45.260398900361,45.08161348978301,51.06441284218528,30.70073051062434,51.72120833315725,57.17945833586206,30.84984448540701,32.43056483398942
df79fd5c,Preset,random,69,A4,46.09263327073924,47.512235505135735,34.429560963660236,51.530057066109514,55.104278289369574,31.088767877711895,30.141540734286096,45.08161348978301,51.06441284218528,30.70073051062434,51.72120833315725,57.17945833586206,30.84984448540701,32.43056483398942
df79fd5c,Preset,random,81,A5,52.619758365083364,28.47170892142261,40.3013639709263,47.364552000241275,47.145735478683335,34.04025607532709,22.149012660354536,45.08161348978301,51.06441284218528,30.70073051062434,51.72120833315725,57.17945833586206,30.84984448540701,32.43056483398942
df79fd5c,Preset,random,93,A6,63.031286887843656,19.3287256901353,39.42965239364845,49.05815852546323,39.99873178877726,43.34721264167134,10.576953783660091,45.08161348978301,51.06441284218528,30.70073051062434,51.72120833315725,57.17945833586206,30.84984448540701,32.43056483398942
45ca781f,Preset,random,45,A2,19.574738752355884,66.74454542848439,29.09619394445663,43.71527187582051,68.44205867236951,17.17452913975316,55.025869250834944,34.93400625644951,62.54549104246741,36.951381386654376,52.215160226965814,65.61383397925974,21.867406025365653,44.68625207038849
45ca781f,Preset,random,57,A3,24.442190491709116,73.55925361786862,32.66658873726419,45.698561149156305,66.72751436461778,18.307937331715447,51.19432964411083,34.93400625644951,62.54549104246741,36.951381386654376,52.215160226965814,65.61383397925974,21.867406025365653,44.68625207038849
45ca781f,Preset,random,69,A4,35.89138332741463,64.08983346031646,38.11513900500569,51.03752312142619,67.70959438998301,17.729811933200757,44.104119581295436,34.93400625644951,62.54549104246741,36.951381386654376,52.215160226965814,65.61383397925974,21.867406025365653,44.68625207038849
45ca781f,Preset,random,81,A5,43.73767166742533,51.773856231554504,44.34135168794262,46.48429406776095,58.31354967096698,23.09695249842604,39.42556031031434,34.93400625644951,62.54549104246741,36.951381386654376,52.215160226965814,65.61383397925974,21.867406025365653,44.68625207038849
45ca781f,Preset,random,93,A6,56.860700538929976,52.54783797765819,51.05202066720091,44.71050338527015,49.13077070741517,37.26780673967841,26.40344347451366,34.93400625644951,62.54549104246741,36.951381386654376,52.215160226965814,65.61383397925974,21.867406025365653,44.68625207038849
f676f7a1,Preset,random,45,A2,61.27499673871139,46.96499572668411,70.57426563708518,61.86877526869522,36.63290573485008,52.876925629750716,22.85364445133656,68.10968933288063,34.396369058213764,72.67184008329468,57.40159168898107,26.386591877452872,59.142655107969276,3.1819926856917995
f676f7a1,Preset,random,57,A3,65.2812146580302,34.51044919262703,71.70857175144104,60.73698110678155,30.184839130440228,56.81420120752265,25.01138058302085,68.10968933288063,34.396369058213764,72.67184008329468,57.40159168898107,26.386591877452872,59.142655107969276,3.1819926856917995
f676f7a1,Preset,random,69,A4,63.777357846958836,37.76284889534908,63.85566365922878,53.45742593867845,29.107714774564027,57.262867618012976,5.92847216860487,68.10968933288063,34.396369058213764,72.67184008329468,57.40159168898107,26.386591877452872,59.142655107969276,3.1819926856917995
f676f7a1,Preset,random,81,A5,68.93666331268473,22.524248792017488,71.88167656241708,53.90309808660351,20.533067003282408,66.15519904571534,-9.086117160016968,68.10968933288063,34.396369058213764,72.67184008329468,57.40159168898107,26.386591877452872,59.142655107969276,3.1819926856917995
f676f7a1,Preset,random,93,A6,73.83630114514457,14.872768577492813,74.32327776803797,55.72321294421086,19.265712035401684,75.34512959518963,-7.239435354884918,68.10968933288063,34.396369058213764,72.67184008329468,57.40159168898107,26.386591877452872,59.142655107969276,3.1819926856917995
89b28fed,Preset,random,45,A2,40.92431378908827,64.14803041317583,35.17408232872944,54.83506343757229,62.37528399620679,31.060309395702987,43.95633506995095,55.14865305300157,29.522619292642894,54.15625635395202,53.54807546233817,42.06594493895979,46.66716237426179,22.280256295269364
89b28fed,Preset,random,57,A3,50.35208548730971,56.282689346989486,50.484957924154486,54.51639552787381,56.18439496471703,43.97718412504031,37.159796042717204,55.14865305300157,29.522619292642894,54.15625635395202,53.54807546233817,42.06594493895979,46.66716237426179,22.280256295269364
89b28fed,Preset,random,69,A4,53.11555854188398,40.34149774438177,53.58101757782816,52.371072040493274,48.34114933595293,43.90673212928967,30.408343296346075,55.14865305300157,29.522619292642894,54.15625635395202,53.54807546233817,42.06594493895979,46.66716237426179,22.280256295269364
89b28fed,Preset,random,81,A5,52.131897559923,30.758849223889086,58.46158777549766,40.04325008148537,37.340811498824635,47.77712260820646,13.255386505106298,55.14865305300157,29.522619292642894,54.15625635395202,53.54807546233817,42.06594493895979,46.66716237426179,22.280256295269364
89b28fed,Preset,random,93,A6,66.81573366382118,19.010281029624153,69.96968280574995,34.507717941770295,24.347163739106175,66.30224617782514,10.077841803782714,55.14865305300157,29.522619292642894,54.15625635395202,53.54807546233817,42.06594493895979,46.66716237426179,22.280256295269364
f78a5959,BSFiltBass,factory,45,A2,51.859135439286604,65.3951912073826,53.789714509803304,62.169927198613266,56.73968722027322,45.174290228371675,40.41357265679649,60.49014452783613,39.83597837381943,75.1211371519156,61.82840279765361,38.38986029273187,49.312520831442335,21.057580349343
f78a5959,BSFiltBass,factory,57,A3,51.98126718150472,62.111153730969406,54.50972630908589,57.74827294613281,56.13564634012134,44.02958830038213,37.031857875325045,60.49014452783613,39.83597837381943,75.1211371519156,61.82840279765361,38.38986029273187,49.312520831442335,21.057580349343
f78a5959,BSFiltBass,factory,69,A4,60.50504506523584,39.59897966536114,72.32800635246926,61.21755654622868,37.980566883336735,48.50253742386358,21.1515498963132,60.49014452783613,39.83597837381943,75.1211371519156,61.82840279765361,38.38986029273187,49.312520831442335,21.057580349343
f78a5959,BSFiltBass,factory,81,A5,64.35572664256993,22.40512709417257,76.65585885216572,58.53043203824435,27.714815517110733,52.06185428728365,2.0903658560212186,60.49014452783613,39.83597837381943,75.1211371519156,61.82840279765361,38.38986029273187,49.312520831442335,21.057580349343
f78a5959,BSFiltBass,factory,93,A6,69.46217729049062,15.280445862598953,76.35521168640904,50.045511280520564,21.13312750559275,57.572052073000464,0.45120461156967906,60.49014452783613,39.83597837381943,75.1211371519156,61.82840279765361,38.38986029273187,49.312520831442335,21.057580349343
36203e96,Preset,random,45,A2,24.455076272682753,67.61589641575182,37.628529793502565,31.222236468286713,65.81948864859754,21.85232808061634,53.64589398306354,40.930860320074,33.05441953065103,45.79634678861672,0.0,50.300213072224366,27.97660579603291,20.22827765651861
36203e96,Preset,random,57,A3,29.19631289004633,53.69004380983486,35.371399093358264,0.0,66.64281778888866,12.072294526164377,40.91176144149776,40.930860320074,33.05441953065103,45.79634678861672,0.0,50.300213072224366,27.97660579603291,20.22827765651861
36203e96,Preset,random,69,A4,48.398028284085434,28.769902688407676,52.797738817971464,0.0,46.55683267513908,32.269582396387605,16.00411603000871,40.930860320074,33.05441953065103,45.79634678861672,0.0,50.300213072224366,27.97660579603291,20.22827765651861
36203e96,Preset,random,81,A5,61.413377751198716,19.48174680384475,56.557811200003385,34.9676480079356,39.93966238717356,42.33703933346919,16.011397246029077,40.930860320074,33.05441953065103,45.79634678861672,0.0,50.300213072224366,27.97660579603291,20.22827765651861
36203e96,Preset,random,93,A6,74.22775127690223,11.439071720019555,60.67120054331582,0.0,30.297551150963024,65.94176165855725,-2.552102584727134,40.930860320074,33.05441953065103,45.79634678861672,0.0,50.300213072224366,27.97660579603291,20.22827765651861
f2b80827,Preset,random,45,A2,76.21106270437666,42.39535333694753,79.16162989215357,80.4200543089157,36.31894116629449,64.057056862988,22.44511280566136,78.85630555323553,32.81847403788333,81.82450373938946,83.1829046834531,30.225511569171008,66.79855181667477,11.628021669253442
f2b80827,Preset,random,57,A3,78.20957521278982,38.42869301347505,74.68237530643259,82.93165255651965,33.283231681375725,65.86546523362028,18.06398127072991,78.85630555323553,32.81847403788333,81.82450373938946,83.1829046834531,30.225511569171008,66.79855181667477,11.628021669253442
f2b80827,Preset,random,69,A4,78.60950936446633,34.292987488767785,72.63055393843905,82.55299746023158,31.543871089131972,66.50060868936666,13.764220224395693,78.85630555323553,32.81847403788333,81.82450373938946,83.1829046834531,30.225511569171008,66.79855181667477,11.628021669253442
f2b80827,Preset,random,81,A5,80.66921447910917,24.22565588383955,77.21868306082905,83.97440908207129,24.48689947811452,69.91625756381495,-0.2704125634796455,78.85630555323553,32.81847403788333,81.82450373938946,83.1829046834531,30.225511569171008,66.79855181667477,11.628021669253442
f2b80827,Preset,random,93,A6,83.17135748431781,19.29674773756667,73.70122135281142,84.78928118019178,21.57216659919614,74.27658431577476,-3.4886034701109807,78.85630555323553,32.81847403788333,81.82450373938946,83.1829046834531,30.225511569171008,66.79855181667477,11.628021669253442
67eed54f,Preset,random,45,A2,32.67797453848901,60.83743649061843,37.94114630741754,50.74170683998722,61.384426104820925,10.521491130364524,41.47542757840046,33.001908890869686,50.48751154540252,27.713055431254645,50.656470701460144,55.55126941645887,21.29376487672519,33.88506356453127
67eed54f,Preset,random,57,A3,31.1056267135937,64.39272671448524,37.21599622782561,52.78395225715435,66.09636052961305,15.03892842871755,41.14566001270268,33.001908890869686,50.48751154540252,27.713055431254645,50.656470701460144,55.55126941645887,21.29376487672519,33.88506356453127
67eed54f,Preset,random,69,A4,33.10748976257429,50.39380128111745,34.92913158391664,50.87140819917452,54.92366283499083,25.285241551519093,33.80452061073379,33.001908890869686,50.48751154540252,27.713055431254645,50.656470701460144,55.55126941645887,21.29376487672519,33.88506356453127
67eed54f,Preset,random,81,A5,37.66712156703987,47.07635989560022,37.12717548575148,51.22949419201197,60.8581518525873,18.33037143070254,38.15151602607512,33.001908890869686,50.48751154540252,27.713055431254645,50.656470701460144,55.55126941645887,21.29376487672519,33.88506356453127
67eed54f,Preset,random,93,A6,38.68972916673948,39.025586862718505,34.06210757284876,48.921338403407105,55.73583807693917,23.094973132751864,24.265896339990995,33.001908890869686,50.48751154540252,27.713055431254645,50.656470701460144,55.55126941645887,21.29376487672519,33.88506356453127
200b8796,Preset,random,45,A2,39.141255549681944,72.1042785154578,34.40143595505752,34.736482081449246,62.91661500464456,39.32244610295112,49.505945975673754,41.644366999076055,55.03479750196473,31.69599043006815,26.92789963455604,65.4071883405554,26.804074836169065,39.44213151049585
200b8796,Preset,random,57,A3,31.305281097883384,67.54403500777644,26.417154428739735,40.92698617128816,66.3709022725872,26.73724134521866,53.633221214662896,41.644366999076055,55.03479750196473,31.69599043006815,26.92789963455604,65.4071883405554,26.804074836169065,39.44213151049585
200b8796,Preset,random,69,A4,39.29200667510962,56.94444287246702,30.168723451174586,26.554455206425988,67.42310841762301,16.1416826031738,43.47070048926327,41.644366999076055,55.03479750196473,31.69599043006815,26.92789963455604,65.4071883405554,26.804074836169065,39.44213151049585
200b8796,Preset,random,81,A5,40.24651532672429,28.375617500465673,36.0298809513052,28.46085164182327,48.86589647397475,27.388283829389657,14.672993100542444,41.644366999076055,55.03479750196473,31.69599043006815,26.92789963455604,65.4071883405554,26.804074836169065,39.44213151049585
200b8796,Preset,random,93,A6,61.48237542198452,17.482582561791162,43.67319951918614,34.999717166924896,40.53944087541953,44.65770986680439,6.695003262906088,41.644366999076055,55.03479750196473,31.69599043006815,26.92789963455604,65.4071883405554,26.804074836169065,39.44213151049585
34dc2527,Preset,random,45,A2,44.06793183828737,65.94419770044938,53.27702528299503,51.38053936172431,60.249874884551375,36.753424278022884,43.30518304400354,55.44719444920365,33.07479138846279,64.77812381594018,55.17449811597994,39.61605636753344,47.77096013857147,14.515030142988333
34dc2527,Preset,random,57,A3,48.04335632743694,56.97864480310315,57.065881895617764,52.91997554859078,58.79210463446865,40.37344299894782,36.39226883747966,55.44719444920365,33.07479138846279,64.77812381594018,55.17449811597994,39.61605636753344,47.77096013857147,14.515030142988333
34dc2527,Preset,random,69,A4,55.44294914772685,32.987498641124866,64.50819784302686,54.58259766744476,38.96034075430566,47.79631830023001,13.94618214847381,55.44719444920365,33.07479138846279,64.77812381594018,55.17449811597994,39.61605636753344,47.77096013857147,14.515030142988333
34dc2527,Preset,random,81,A5,63.805927487027844,19.58147810513246,75.97410314186581,57.84193929523961,28.96525520041697,57.863581981451325,12.211518857243632,55.44719444920365,33.07479138846279,64.77812381594018,55.17449811597994,39.61605636753344,47.77096013857147,14.515030142988333
34dc2527,Preset,random,93,A6,72.10417555678418,10.863225105140344,77.85116537292998,59.71619445577326,20.305804297269642,67.84703836003676,-0.06411802351688323,55.44719444920365,33.07479138846279,64.77812381594018,55.17449811597994,39.61605636753344,47.77096013857147,14.515030142988333
1cf2e131,Preset,random,45,A2,69.13361256740683,35.142150814102116,78.72475964203966,75.28449084514557,25.072055389922564,55.12248967975982,18.21680719753459,70.90733856053146,22.379281508491474,78.81721586524287,60.70532874238366,21.607437825906178,56.521857959475184,9.876138314583834
1cf2e131,Preset,random,57,A3,68.32069434881703,28.464461873407167,77.67066127121336,67.49986479725865,24.526245690573067,53.72447186810638,18.64629188598733,70.90733856053146,22.379281508491474,78.81721586524287,60.70532874238366,21.607437825906178,56.521857959475184,9.876138314583834
1cf2e131,Preset,random,69,A4,70.88909121459513,22.411907720762287,78.90675764347111,63.34638105772631,21.603225411379768,56.494215899092424,9.941159976471635,70.90733856053146,22.379281508491474,78.81721586524287,60.70532874238366,21.607437825906178,56.521857959475184,9.876138314583834
1cf2e131,Preset,random,81,A5,76.08336146773277,15.99708945733142,79.28109669547624,57.19515905733695,18.097739531886667,64.44315274509155,-14.262713890184514,70.90733856053146,22.379281508491474,78.81721586524287,60.70532874238366,21.607437825906178,56.521857959475184,9.876138314583834
1cf2e131,Preset,random,93,A6,79.27041139420349,9.346973544875347,75.79230447201047,49.088913199407216,15.45609825464797,73.4043863549839,-14.716310185354303,70.90733856053146,22.379281508491474,78.81721586524287,60.70532874238366,21.607437825906178,56.521857959475184,9.876138314583834
21e2e51e,Preset,random,45,A2,70.85935721564834,55.12897464780689,71.12949556473242,75.3388391208967,40.168196603222,60.976347625944555,25.923785291691406,76.96010903954712,44.678610448203045,78.59106976113605,79.12522360483783,27.618248570261102,63.728236500779786,20.57545168175316
21e2e51e,Preset,random,57,A3,74.22749641005437,49.31460320690423,72.86171071947302,74.8550222695897,32.928249813933625,62.19523629159022,17.70285258291191,76.96010903954712,44.678610448203045,78.59106976113605,79.12522360483783,27.618248570261102,63.728236500779786,20.57545168175316
21e2e51e,Preset,random,69,A4,76.78067588251562,45.062709623856065,75.65715660043386,77.63678981827573,28.60933052041214,63.70981330424313,19.758365197718412,76.96010903954712,44.678610448203045,78.59106976113605,79.12522360483783,27.618248570261102,63.728236500779786,20.57545168175316
21e2e51e,Preset,random,81,A5,79.48306432043668,42.36755737734316,75.73217210570152,78.18546966274573,19.48779430776482,68.45888408574642,18.519791851566538,76.96010903954712,44.678610448203045,78.59106976113605,79.12522360483783,27.618248570261102,63.728236500779786,20.57545168175316
21e2e51e,Preset,random,93,A6,81.26555613633874,45.65418962175694,72.24517133889856,77.71751916283979,24.03357697775207,70.53773727119896,22.536718189972554,76.96010903954712,44.678610448203045,78.59106976113605,79.12522360483783,27.618248570261102,63.728236500779786,20.57545168175316
0052fe3a,Preset,random,45,A2,63.95405042289258,58.48143317207324,67.23042403280664,67.884934401945,48.12182396634864,55.12078183673539,32.23629620308036,67.4143327085408,46.61738710047778,65.49736853809833,62.404980096465316,33.90366912030768,58.583669334319794,24.476337398295655
0052fe3a,Preset,random,57,A3,67.38149392731195,54.7870977882632,66.04025500557137,64.35824436848308,39.84664788461044,57.13276554135875,27.89065293994098,67.4143327085408,46.61738710047778,65.49736853809833,62.404980096465316,33.90366912030768,58.583669334319794,24.476337398295655
0052fe3a,Preset,random,69,A4,70.9594482509757,36.94359363575822,70.9058711824135,70.75644388397146,30.063041128192687,59.892485170290826,19.013733892476665,67.4143327085408,46.61738710047778,65.49736853809833,62.404980096465316,33.90366912030768,58.583669334319794,24.476337398295655
0052fe3a,Preset,random,81,A5,75.62736224249979,22.293340884569517,70.35888816355236,70.8399406190311,17.414238496703796,64.88299803030495,-7.587381478704259,67.4143327085408,46.61738710047778,65.49736853809833,62.404980096465316,33.90366912030768,58.583669334319794,24.476337398295655
0052fe3a,Preset,random,93,A6,78.89978346894635,16.92379774029485,70.46529949510494,76.81420279098289,15.326381218296607,70.56074695689385,-1.8792118829939142,67.4143327085408,46.61738710047778,65.49736853809833,62.404980096465316,33.90366912030768,58.583669334319794,24.476337398295655
37bb7513,Preset,random,45,A2,20.88418177861935,72.23658282958739,35.93192560910961,37.98448198940855,65.7279723220422,37.152153921069164,51.62125316611602,26.865115424339532,64.91072383097492,35.542702998643705,43.180647921090454,66.79332949105782,26.56209611536839,51.687983287474054
37bb7513,Preset,random,57,A3,23.525440976332195,67.28209741451501,29.71468138575048,47.43415807360745,64.47448580741029,36.66892876350927,51.53055331388173,26.865115424339532,64.91072383097492,35.542702998643705,43.180647921090454,66.79332949105782,26.56209611536839,51.687983287474054
37bb7513,Preset,random,69,A4,26.832408352133147,64.9264050569515,35.12555552742725,43.18819650968326,66.6923263805228,26.381291607017904,51.78414959154425,26.865115424339532,64.91072383097492,35.542702998643705,43.180647921090454,66.79332949105782,26.56209611536839,51.687983287474054
37bb7513,Preset,random,81,A5,32.5762318458688,53.013036682495034,49.27918936907747,27.13596484020094,62.33162854617218,30.628624220864666,40.42812084615382,26.865115424339532,64.91072383097492,35.542702998643705,43.180647921090454,66.79332949105782,26.56209611536839,51.687983287474054
37bb7513,Preset,random,93,A6,43.6683195003432,47.66886541162546,62.784792780798995,21.3746166152131,50.34820384817482,40.67346120969426,31.062980429538662,26.865115424339532,64.91072383097492,35.542702998643705,43.180647921090454,66.79332949105782,26.56209611536839,51.687983287474054
cde727ab,Preset,random,45,A2,40.704184995336746,65.33416518335596,43.408481892069375,55.21406059247131,62.41052082621597,24.98738362877905,39.37249714354901,43.462768956354644,43.20849325687828,43.74386855893272,33.46615345883658,57.7943020106506,24.991461695411616,32.637053497375895
cde727ab,Preset,random,57,A3,42.04128612505513,54.88109206285731,47.4129659582907,45.65303709483531,60.0360430505633,25.450894987755795,37.560910677490654,43.462768956354644,43.20849325687828,43.74386855893272,33.46615345883658,57.7943020106506,24.991461695411616,32.637053497375895
cde727ab,Preset,random,69,A4,43.463691822414816,43.219421987111055,43.84582728184469,33.46260121864879,57.673123796122496,25.62848498505553,32.564208549237286,43.462768956354644,43.20849325687828,43.74386855893272,33.46615345883658,57.7943020106506,24.991461695411616,32.637053497375895
cde727ab,Preset,random,81,A5,43.61168776882991,32.40653962851036,41.55617449891268,0.0,44.90001217252238,29.19727473837714,17.64614482417512,43.462768956354644,43.20849325687828,43.74386855893272,33.46615345883658,57.7943020106506,24.991461695411616,32.637053497375895
cde727ab,Preset,random,93,A6,49.610920975092235,19.32187467881377,46.69068680371058,28.86882387574376,34.52195123095682,30.319737957468057,36.123442424034096,43.462768956354644,43.20849325687828,43.74386855893272,33.46615345883658,57.7943020106506,24.991461695411616,32.637053497375895
0b0ae8a9,Preset,random,45,A2,81.25712242455856,24.167927728350257,79.15861441410482,80.01895088779281,16.24761784854154,73.2048545209018,-2.9141324301816596,82.98429364663578,14.511137892967945,76.26570055610944,74.1337300608803,15.236251875248822,78.67789750037427,-1.6859242039847189
0b0ae8a9,Preset,random,57,A3,82.10142672808439,18.69292659886389,83.87835663402439,78.5513461560237,14.996959750130454,75.71559139781289,-4.776963119732997,82.98429364663578,14.511137892967945,76.26570055610944,74.1337300608803,15.236251875248822,78.67789750037427,-1.6859242039847189
0b0ae8a9,Preset,random,69,A4,83.03005045641414,14.531368188473024,76.33852439947327,75.62061502368127,15.399154110225044,79.03410274479839,-2.170800353904074,82.98429364663578,14.511137892967945,76.26570055610944,74.1337300608803,15.236251875248822,78.67789750037427,-1.6859242039847189
0b0ae8a9,Preset,random,81,A5,84.84025698645353,8.484079146234052,72.81033482403097,69.66110370397433,16.880429377081125,84.8902462101859,-2.208402375339375,82.98429364663578,14.511137892967945,76.26570055610944,74.1337300608803,15.236251875248822,78.67789750037427,-1.6859242039847189
0b0ae8a9,Preset,random,93,A6,86.59567491843447,11.36148893533926,73.44391046756454,64.54277797327691,19.436649349233964,90.3397910457808,-12.259471885241851,82.98429364663578,14.511137892967945,76.26570055610944,74.1337300608803,15.236251875248822,78.67789750037427,-1.6859242039847189
039b3ed9,Preset,random,45,A2,59.63688119370787,71.32924234534197,68.63984772428188,59.24329418822169,52.145327824668385,53.81271283319711,33.659148663113825,65.22941035483652,41.6791836261039,68.94329182873892,72.40092156203524,31.65545775013907,55.92576363389213,21.747575140647825
039b3ed9,Preset,random,57,A3,62.1298676696348,65.15658299965513,71.35991536229406,64.88639867201296,45.63675101051565,55.86632164814897,30.57074868166392,65.22941035483652,41.6791836261039,68.94329182873892,72.40092156203524,31.65545775013907,55.92576363389213,21.747575140647825
039b3ed9,Preset,random,69,A4,65.89991352133609,54.72645547585097,76.05512671418867,68.5433530780479,35.299147771622785,56.19839059493365,28.13368382968968,65.22941035483652,41.6791836261039,68.94329182873892,72.40092156203524,31.65545775013907,55.92576363389213,21.747575140647825
039b3ed9,Preset,random,81,A5,70.19824255286274,21.31414637790553,69.05113211515078,66.98884689840527,20.520661452679953,62.538085161967544,5.874484436396205,65.22941035483652,41.6791836261039,68.94329182873892,72.40092156203524,31.65545775013907,55.92576363389213,21.747575140647825
039b3ed9,Preset,random,93,A6,72.77624013260929,25.621484619309115,65.52880081604206,60.2292580807114,18.913285837354646,64.2879534230785,-6.916289404517627,65.22941035483652,41.6791836261039,68.94329182873892,72.40092156203524,31.65545775013907,55.92576363389213,21.747575140647825
a00314fb,Preset,random,45,A2,88.31457816040754,38.27123075388029,84.95300957913042,86.18346936827251,16.118602397366033,80.12958484996231,1.820800592445309,88.28149819806512,28.331188603813352,84.83522386191049,86.28085463552023,17.74135717868493,79.61047523548143,3.1745155595475083
a00314fb,Preset,random,57,A3,88.33530098667984,33.78980982999416,84.75581373442964,86.09964482817959,16.07887661106804,80.1494788381996,-1.9792169792917953,88.28149819806512,28.331188603813352,84.83522386191049,86.28085463552023,17.74135717868493,79.61047523548143,3.1745155595475083
a00314fb,Preset,random,69,A4,88.38122428098997,28.42826302774838,85.64199176680535,86.32763092982808,16.149485096498566,80.1710998991229,1.2338784889671217,88.28149819806512,28.331188603813352,84.83522386191049,86.28085463552023,17.74135717868493,79.61047523548143,3.1745155595475083
a00314fb,Preset,random,81,A5,88.2510771048201,24.044572441600337,86.74101275181002,86.40825093332982,16.038550321515277,79.83684546061139,1.9568942587394176,88.28149819806512,28.331188603813352,84.83522386191049,86.28085463552023,17.74135717868493,79.61047523548143,3.1745155595475083
a00314fb,Preset,random,93,A6,88.34121332150157,26.763955104825726,83.61241737731649,86.26321162674705,16.50021014656478,79.65940475786554,-2.8380596648070266,88.28149819806512,28.331188603813352,84.83522386191049,86.28085463552023,17.74135717868493,79.61047523548143,3.1745155595475083
67b19faa,Preset,random,45,A2,27.899170785077306,70.65762894269588,31.41133596631836,49.22475973082611,63.94646988245293,22.838140224827747,51.67671760962764,35.04175472564586,57.28657365301331,33.15856612208235,27.436006432381344,56.96632898347305,18.98931451915104,42.78602374324102
67b19faa,Preset,random,57,A3,30.799037537299,64.71126952549594,30.509989841727815,44.68463740030581,64.32814859044765,17.603026151065407,47.64052966663609,35.04175472564586,57.28657365301331,33.15856612208235,27.436006432381344,56.96632898347305,18.98931451915104,42.78602374324102
67b19faa,Preset,random,69,A4,35.27358545351309,55.817743670146854,32.90945787615328,29.72589577490873,57.50286612687119,21.864500375967268,41.01486407909796,35.04175472564586,57.28657365301331,33.15856612208235,27.436006432381344,56.96632898347305,18.98931451915104,42.78602374324102
67b19faa,Preset,random,81,A5,44.64503746991586,33.73907472505992,46.77485786538952,0.0,38.351493495317214,26.64331390526335,19.840977726157533,35.04175472564586,57.28657365301331,33.15856612208235,27.436006432381344,56.96632898347305,18.98931451915104,42.78602374324102
67b19faa,Preset,random,93,A6,58.76281220762153,18.412286019927983,57.60769226448747,24.60814762302684,39.697418039729996,48.66904704063526,21.044043365714046,35.04175472564586,57.28657365301331,33.15856612208235,27.436006432381344,56.96632898347305,18.98931451915104,42.78602374324102
e5851fc2,Preset,random,45,A2,89.3013273616204,29.412345058606377,88.54048921763714,0.0,18.39145453910411,76.28243135710605,4.927320465084755,88.26446397239947,30.962187717736825,88.38008594961494,82.05236355658995,20.606352279030073,76.84603558270585,3.2119149581717252
e5851fc2,Preset,random,57,A3,88.81097308946546,34.08615627703944,87.40491588864819,89.68451947347855,17.98446246493139,76.52494712665313,3.780403666987084,88.26446397239947,30.962187717736825,88.38008594961494,82.05236355658995,20.606352279030073,76.84603558270585,3.2119149581717252
e5851fc2,Preset,random,69,A4,88.25315856034801,30.97611456112626,88.34388347022949,82.02887833033027,20.55858300323054,76.81340684623794,3.427447340762342,88.26446397239947,30.962187717736825,88.38008594961494,82.05236355658995,20.606352279030073,76.84603558270585,3.2119149581717252
e5851fc2,Preset,random,81,A5,87.82402867347194,26.183971728353363,75.05061947746992,76.90759820787886,17.433054486157236,76.94363869053896,6.600524122159229,88.26446397239947,30.962187717736825,88.38008594961494,82.05236355658995,20.606352279030073,76.84603558270585,3.2119149581717252
e5851fc2,Preset,random,93,A6,87.49038915954269,20.41914479271481,74.61273657415964,70.97323682199664,17.088388980487036,76.98402512188744,7.895893354582363,88.26446397239947,30.962187717736825,88.38008594961494,82.05236355658995,20.606352279030073,76.84603558270585,3.2119149581717252
384cbc43,Preset,random,45,A2,26.05141070642799,70.24983915541843,46.80884711829475,28.043589236739244,58.12626770460935,37.48225648530623,51.19256058973831,36.927791298365044,51.60226159654986,47.49841990103292,0.0,59.09576017367586,29.897980051822245,29.21002730229759
384cbc43,Preset,random,57,A3,31.15128770206932,65.02946690080942,48.33065218269098,0.0,67.47882352795773,29.846727510998996,50.33775789298921,36.927791298365044,51.60226159654986,47.49841990103292,0.0,59.09576017367586,29.897980051822245,29.21002730229759
384cbc43,Preset,random,69,A4,36.94555922100692,50.52843243451409,47.52554214400996,0.0,59.121633882409114,29.946274510930884,29.370641949005073,36.927791298365044,51.60226159654986,47.49841990103292,0.0,59.09576017367586,29.897980051822245,29.21002730229759
384cbc43,Preset,random,81,A5,43.59822933718368,24.626949734549562,51.82630157122128,0.0,47.104205286386275,34.643921855869614,13.910535991042536,36.927791298365044,51.60226159654986,47.49841990103292,0.0,59.09576017367586,29.897980051822245,29.21002730229759
384cbc43,Preset,random,93,A6,57.21297372024944,16.521185659021235,55.392710489011336,0.0,41.15438591088198,45.845700667567684,18.59781401925669,36.927791298365044,51.60226159654986,47.49841990103292,0.0,59.09576017367586,29.897980051822245,29.21002730229759
6297b74a,Preset,random,45,A2,48.17566967639596,61.96711409623353,49.83716787185108,58.40079277564463,59.96701077550392,33.77379830413772,28.39545590379759,63.698870394196575,34.06361323097319,66.7005808100854,69.20761654685818,43.372547878837516,51.951390636958465,23.941810652504746
6297b74a,Preset,random,57,A3,56.71382871195185,47.195324087378495,58.76568830996524,62.250010687852004,50.556620499340404,42.59760705286209,28.114765779985582,63.698870394196575,34.06361323097319,66.7005808100854,69.20761654685818,43.372547878837516,51.951390636958465,23.941810652504746
6297b74a,Preset,random,69,A4,64.61849230793226,32.99713058185306,66.88663521282103,68.20715022287482,38.69550434970378,53.25856040480447,22.03108347386791,63.698870394196575,34.06361323097319,66.7005808100854,69.20761654685818,43.372547878837516,51.951390636958465,23.941810652504746
6297b74a,Preset,random,81,A5,70.23826554561765,30.418554434127785,66.11941773616041,67.66756703431747,27.819886607692094,57.86960010450153,3.6208685837048087,63.698870394196575,34.06361323097319,66.7005808100854,69.20761654685818,43.372547878837516,51.951390636958465,23.941810652504746
6297b74a,Preset,random,93,A6,73.72989153502377,17.384788657599458,66.95014220809804,59.983751628579554,20.702801851014645,66.316739099348,3.9614973638704,63.698870394196575,34.06361323097319,66.7005808100854,69.20761654685818,43.372547878837516,51.951390636958465,23.941810652504746
65c1b96c,Preset,random,45,A2,23.713902848688136,71.46821376827353,20.723912141177095,44.250058015995535,54.076220748395166,39.083420562213135,53.267806336022595,33.90026409982032,63.652029308856925,43.71375848275389,28.468761134352764,64.9813964557942,37.20016724252872,43.74427416029886
65c1b96c,Preset,random,57,A3,23.564534614540857,67.3731757714763,32.1208795360712,35.25468833613098,57.198011385866685,29.12320298240681,54.65416199940659,33.90026409982032,63.652029308856925,43.71375848275389,28.468761134352764,64.9813964557942,37.20016724252872,43.74427416029886
65c1b96c,Preset,random,69,A4,34.202059961165865,63.78385858548792,42.2856711534083,29.06533754788142,64.66335529610063,37.1048611068435,43.90129998465284,33.90026409982032,63.652029308856925,43.71375848275389,28.468761134352764,64.9813964557942,37.20016724252872,43.74427416029886
65c1b96c,Preset,random,81,A5,44.84006840506894,54.74518124208495,50.97697855581765,34.27640793600308,58.96082355395951,42.45748391423883,34.67245170616225,33.90026409982032,63.652029308856925,43.71375848275389,28.468761134352764,64.9813964557942,37.20016724252872,43.74427416029886
65c1b96c,Preset,random,93,A6,51.59743374257438,73.65979845661288,57.898355195287536,34.359772548770096,55.77125881122067,49.53107588796474,40.02787219374576,33.90026409982032,63.652029308856925,43.71375848275389,28.468761134352764,64.9813964557942,37.20016724252872,43.74427416029886
893daa1a,BSTranceBass,factory,45,A2,32.07140419966443,71.42951937924408,42.27092158732624,44.50505616135843,65.31054476386261,20.418969282233363,49.98783824529374,46.96075238047319,61.171961455294976,50.54844084228384,48.57173486122092,59.64526370672279,30.03777345864388,38.36666060489402
893daa1a,BSTranceBass,factory,57,A3,37.45705144329687,70.75600339793289,41.226119947794544,50.15738493200015,64.60739118856549,21.3689270045857,46.923563885840124,46.96075238047319,61.171961455294976,50.54844084228384,48.57173486122092,59.64526370672279,30.03777345864388,38.36666060489402
893daa1a,BSTranceBass,factory,69,A4,48.27851817653229,60.03959892997944,54.07978533459931,47.42927085040956,57.83280565620805,32.664250056940695,38.09760609849182,46.96075238047319,61.171961455294976,50.54844084228384,48.57173486122092,59.64526370672279,30.03777345864388,38.36666060489402
893daa1a,BSTranceBass,factory,81,A5,49.93709526390852,39.31926940012558,52.6221040843042,34.0252481455605,46.27520765955774,33.535467250504915,24.88851519380814,46.96075238047319,61.171961455294976,50.54844084228384,48.57173486122092,59.64526370672279,30.03777345864388,38.36666060489402
893daa1a,BSTranceBass,factory,93,A6,56.48736004466176,30.979113506136386,55.43664489744114,24.99380472910646,34.11504048000138,42.86794977012512,8.480299835311907,46.96075238047319,61.171961455294976,50.54844084228384,48.57173486122092,59.64526370672279,30.03777345864388,38.36666060489402
9962ccff,Preset,random,45,A2,54.034185789408475,64.03995910869807,62.071384115494595,56.10703918754546,48.61125149823751,48.35955799853745,36.71299472606056,57.96640535435522,46.49413021760307,62.820004954214,64.3202994023398,38.79635278745991,52.48098222877076,27.094186048601276
9962ccff,Preset,random,57,A3,55.77558643283449,57.21457686216452,63.00011752647151,63.68402530329696,44.62598047771692,49.3910216314539,37.24171059326211,57.96640535435522,46.49413021760307,62.820004954214,64.3202994023398,38.79635278745991,52.48098222877076,27.094186048601276
9962ccff,Preset,random,69,A4,58.341745091366896,52.430997707327165,67.70245246218948,65.11972049900524,38.65410618573919,53.38423922041795,26.80569459580029,57.96640535435522,46.49413021760307,62.820004954214,64.3202994023398,38.79635278745991,52.48098222877076,27.094186048601276
9962ccff,Preset,random,81,A5,65.44636850531217,29.32987813072981,65.46462266068798,61.657026398388524,25.218211573197117,58.46244292573152,2.470368694675244,57.96640535435522,46.49413021760307,62.820004954214,64.3202994023398,38.79635278745991,52.48098222877076,27.094186048601276
9962ccff,Preset,random,93,A6,70.98377859906418,15.702469916633056,72.61009379447671,53.84602209167076,20.543143278633668,65.29817323146254,8.420644874415238,57.96640535435522,46.49413021760307,62.820004954214,64.3202994023398,38.79635278745991,52.48098222877076,27.094186048601276
883d02ec,Preset,random,45,A2,50.792040864855025,73.85435714105482,53.60884592848086,49.20142002765672,48.69333204821903,48.84809104753147,40.10932219764432,60.165873637785374,42.104357337826,62.0711824745849,46.378046399233426,29.8093037390049,55.419898184238676,14.272885898231227
883d02ec,Preset,random,57,A3,66.7021673639652,57.103181126405,62.274573926441036,58.19199405329996,36.553729260569696,57.86899742489416,24.59115828511212,60.165873637785374,42.104357337826,62.0711824745849,46.378046399233426,29.8093037390049,55.419898184238676,14.272885898231227
883d02ec,Preset,random,69,A4,59.032743032949476,39.78240605099649,63.46009658003695,45.516207664181806,31.701234355962924,54.78948279519902,13.445624776423745,60.165873637785374,42.104357337826,62.0711824745849,46.378046399233426,29.8093037390049,55.419898184238676,14.272885898231227
883d02ec,Preset,random,81,A5,68.69305011220588,28.93778147142602,67.83710998933017,32.88036692161823,26.17455878058353,63.38878272411479,17.537285931701927,60.165873637785374,42.104357337826,62.0711824745849,46.378046399233426,29.8093037390049,55.419898184238676,14.272885898231227
883d02ec,Preset,random,93,A6,73.66280213555456,20.756734632720004,65.0401356775244,29.812467996364074,20.419080657463837,69.77352918624632,-19.60329327350184,60.165873637785374,42.104357337826,62.0711824745849,46.378046399233426,29.8093037390049,55.419898184238676,14.272885898231227
5728daca,Preset,random,45,A2,12.926384049811354,60.919347401086554,32.895672702390456,48.651209088007285,69.64448047760708,6.137543386562239,56.88137005508638,24.352745907288302,69.99987288660974,22.821976967442495,46.21431044417436,71.93704954212542,25.14413734983066,43.69869612086331
5728daca,Preset,random,57,A3,12.023410886210868,67.32578318253476,23.959348093304328,44.731299828725724,64.25965338981598,27.27749514141375,53.24419179000829,24.352745907288302,69.99987288660974,22.821976967442495,46.21431044417436,71.93704954212542,25.14413734983066,43.69869612086331
5728daca,Preset,random,69,A4,25.485145874214872,65.34893357517566,29.49243942372425,46.160829473728306,71.85754182747289,23.526505705846226,44.20286535301808,24.352745907288302,69.99987288660974,22.821976967442495,46.21431044417436,71.93704954212542,25.14413734983066,43.69869612086331
5728daca,Preset,random,81,A5,36.00666676052212,47.02184759712799,41.3552518170854,45.24202075304196,55.45322683878723,19.21908520543883,31.590713619914496,24.352745907288302,69.99987288660974,22.821976967442495,46.21431044417436,71.93704954212542,25.14413734983066,43.69869612086331
5728daca,Preset,random,93,A6,48.082430772861755,44.912059418442,46.80481679003745,46.279018282014135,59.05750234115287,30.3496894390082,34.3521319130531,24.352745907288302,69.99987288660974,22.821976967442495,46.21431044417436,71.93704954212542,25.14413734983066,43.69869612086331
b70f6615,Preset,random,45,A2,58.89425585944303,58.43432710809681,57.97943420069805,53.97561025144176,38.33531607334705,48.73451989686627,37.165838143130244,72.7802390371628,23.714231847100912,58.565517141679834,48.12496003401218,15.839706185940905,63.60577801268606,-8.57722435112511
b70f6615,Preset,random,57,A3,65.02994120828185,35.770399638300894,65.77738070518907,54.49241684044239,27.437977726915413,55.426641186108526,26.538611563608228,72.7802390371628,23.714231847100912,58.565517141679834,48.12496003401218,15.839706185940905,63.60577801268606,-8.57722435112511
b70f6615,Preset,random,69,A4,70.13409264817015,27.509692725225825,59.44145504592325,47.01870490939358,21.258303701924522,61.67785593672605,1.5614761939275468,72.7802390371628,23.714231847100912,58.565517141679834,48.12496003401218,15.839706185940905,63.60577801268606,-8.57722435112511
b70f6615,Preset,random,81,A5,81.91114251129665,13.992763244841768,57.41324324074321,36.59119407755679,12.01710312020812,77.55524374908605,-2.6919997903848767,72.7802390371628,23.714231847100912,58.565517141679834,48.12496003401218,15.839706185940905,63.60577801268606,-8.57722435112511
b70f6615,Preset,random,93,A6,84.14811081300387,4.1347414008257815,51.13992314926708,0.0,17.875072373017815,86.16624377485292,-13.770958641720625,72.7802390371628,23.714231847100912,58.565517141679834,48.12496003401218,15.839706185940905,63.60577801268606,-8.57722435112511
503c8a96,Preset,random,45,A2,4.914683778348589,76.54397530285989,22.743051944883135,0.0,61.500822284215786,41.43347169336249,48.99818222020532,15.565245073173827,76.49791242078898,33.147487098929545,35.321724576974795,60.74755987112994,16.60163481442609,58.47531183948985
503c8a96,Preset,random,57,A3,9.301156879646769,72.44642585495683,20.685122214368505,43.33529186030158,58.48293102564222,32.9906321918404,55.67740736657169,15.565245073173827,76.49791242078898,33.147487098929545,35.321724576974795,60.74755987112994,16.60163481442609,58.47531183948985
503c8a96,Preset,random,69,A4,15.565055670175347,76.49780078095202,33.15200858515557,35.321509191101164,60.61638051955572,16.60260981459288,58.474635295967985,15.565245073173827,76.49791242078898,33.147487098929545,35.321724576974795,60.74755987112994,16.60163481442609,58.47531183948985
503c8a96,Preset,random,81,A5,27.796022223144305,76.90452332217204,38.211395473473175,30.432049793439614,67.65358262176173,25.57056940836317,51.98727377062495,15.565245073173827,76.49791242078898,33.147487098929545,35.321724576974795,60.74755987112994,16.60163481442609,58.47531183948985
503c8a96,Preset,random,93,A6,26.898750965605874,72.92793271825103,38.32117235391087,0.0,61.76370744341551,30.78253464537146,55.39203203887179,15.565245073173827,76.49791242078898,33.147487098929545,35.321724576974795,60.74755987112994,16.60163481442609,58.47531183948985
1eba6596,Preset,random,45,A2,38.11056711957501,34.34348150804217,38.960027608972126,36.584236854553495,54.11455940558993,26.818826473126602,29.17982534686298,41.160527431689246,22.960071887357223,35.089382873152886,0.0,42.220474392620545,33.57650739068168,14.802844900141157
1eba6596,Preset,random,57,A3,36.7265946261673,29.930844187334266,32.45323108850127,37.45391701417514,47.259207865206434,25.58109503448194,16.190886917048516,41.160527431689246,22.960071887357223,35.089382873152886,0.0,42.220474392620545,33.57650739068168,14.802844900141157
1eba6596,Preset,random,69,A4,41.21558694743491,23.00290669635436,34.52923612514864,0.0,42.15942536547545,31.283887561602988,15.232272709515048,41.160527431689246,22.960071887357223,35.089382873152886,0.0,42.220474392620545,33.57650739068168,14.802844900141157
1eba6596,Preset,random,81,A5,42.93636667408835,24.362215094312397,31.526463393640995,0.0,40.95078776638173,34.330890553738634,13.446988739801363,41.160527431689246,22.960071887357223,35.089382873152886,0.0,42.220474392620545,33.57650739068168,14.802844900141157
1eba6596,Preset,random,93,A6,38.466565476481044,23.97733925902336,23.747329758443826,0.0,41.345146252120585,34.87542654619411,15.07001384815589,41.160527431689246,22.960071887357223,35.089382873152886,0.0,42.220474392620545,33.57650739068168,14.802844900141157
86b33bbb,Preset,random,45,A2,31.086267032818824,65.30742286351557,31.985407982416476,43.846115062903905,65.78890173372486,6.155202693871008,50.13225952947056,42.522271943639424,35.71382163019557,36.55641505994713,43.47264993394064,52.86886424531157,15.682790753041647,32.6511394116078
86b33bbb,Preset,random,57,A3,34.981018020154494,56.82082653129022,34.77999734130161,44.71749982427356,63.44737680221459,8.880464060196022,43.44104618251899,42.522271943639424,35.71382163019557,36.55641505994713,43.47264993394064,52.86886424531157,15.682790753041647,32.6511394116078
86b33bbb,Preset,random,69,A4,41.37575644961994,36.29627942027277,38.959236825186,39.48490607700988,53.348351262708185,16.747493023647472,33.0263042452504,42.522271943639424,35.71382163019557,36.55641505994713,43.47264993394064,52.86886424531157,15.682790753041647,32.6511394116078
86b33bbb,Preset,random,81,A5,51.581352983376874,40.18677356484031,46.95006341063504,46.07277418835068,52.14252140099943,26.29732358447994,33.5538323374101,42.522271943639424,35.71382163019557,36.55641505994713,43.47264993394064,52.86886424531157,15.682790753041647,32.6511394116078
86b33bbb,Preset,random,93,A6,53.12588772965668,37.70658375334032,44.87196865604352,40.18557588567599,48.37882736040308,28.937300085662688,29.909500396476638,42.522271943639424,35.71382163019557,36.55641505994713,43.47264993394064,52.86886424531157,15.682790753041647,32.6511394116078
07e44b4f,Preset,random,45,A2,64.51253345828977,38.8361198928991,66.63270240168069,61.97487495721533,39.988123107684565,55.1950231002604,26.80446805521691,76.76834756371935,23.165287135819085,62.36076693488428,66.36929890508617,27.62364396995877,68.90357196470481,0.5708438574516492
07e44b4f,Preset,random,57,A3,70.15054626602576,32.700073463604824,60.22901559230107,64.4394068573758,28.70820911415802,58.433517412106255,11.98238654570848,76.76834756371935,23.165287135819085,62.36076693488428,66.36929890508617,27.62364396995877,68.90357196470481,0.5708438574516492
07e44b4f,Preset,random,69,A4,76.3008664289496,23.10477898852892,62.727241053230216,65.61645049461873,27.316248417369305,68.78069959064871,-1.1887997752941928,76.76834756371935,23.165287135819085,62.36076693488428,66.36929890508617,27.62364396995877,68.90357196470481,0.5708438574516492
07e44b4f,Preset,random,81,A5,80.99161512823439,14.792052728396634,72.71669006859358,68.9128952727358,21.523453135106223,78.63660666180871,3.838656206004682,76.76834756371935,23.165287135819085,62.36076693488428,66.36929890508617,27.62364396995877,68.90357196470481,0.5708438574516492
07e44b4f,Preset,random,93,A6,84.76844471598585,7.26376920374301,69.95588311959534,67.50295420026359,19.51057280920801,74.55904594643289,-15.559751955427046,76.76834756371935,23.165287135819085,62.36076693488428,66.36929890508617,27.62364396995877,68.90357196470481,0.5708438574516492
d8827412,Preset,random,45,A2,85.23082197680795,53.257410176674306,64.4919181520068,77.98525151281635,34.88329492519283,78.4178381541191,35.58934381080293,87.47146106203324,10.556529458606398,77.28112517747232,80.91136567635705,19.021387767207532,89.00830156097986,-2.4277295495255693
d8827412,Preset,random,57,A3,86.33471870689715,38.943878760822464,69.00220749039039,81.16551287076494,31.909285498529478,81.24909214759744,32.79761313340481,87.47146106203324,10.556529458606398,77.28112517747232,80.91136567635705,19.021387767207532,89.00830156097986,-2.4277295495255693
d8827412,Preset,random,69,A4,87.11905155163453,10.376499083894608,74.30422881541327,81.322775727928,19.173379105909376,88.72166018702956,-6.974996066544371,87.47146106203324,10.556529458606398,77.28112517747232,80.91136567635705,19.021387767207532,89.00830156097986,-2.4277295495255693
d8827412,Preset,random,81,A5,86.86163491358761,36.06641253811506,78.91272241825871,81.02065591411076,19.009248113708654,90.55120956679667,-4.121152926663356,87.47146106203324,10.556529458606398,77.28112517747232,80.91136567635705,19.021387767207532,89.00830156097986,-2.4277295495255693
d8827412,Preset,random,93,A6,87.55616824328538,7.719352777841088,80.18808823374621,79.9660434254557,20.108400968341066,93.78074121230092,-4.265332154528583,87.47146106203324,10.556529458606398,77.28112517747232,80.91136567635705,19.021387767207532,89.00830156097986,-2.4277295495255693
f834bd98,Preset,random,45,A2,46.08866961928602,64.15993713096948,31.110341222543482,0.0,57.95349571735349,42.928868339911794,35.804200893452034,18.847546306868075,70.73996791829154,10.234599553292881,30.13114660300953,60.88867787648494,36.36052291716015,53.70826023221236
f834bd98,Preset,random,57,A3,34.98841491789585,74.9227423743596,28.721188415335533,43.28012257931333,59.449296867503534,46.642156435988696,43.51340330151504,18.847546306868075,70.73996791829154,10.234599553292881,30.13114660300953,60.88867787648494,36.36052291716015,53.70826023221236
f834bd98,Preset,random,69,A4,24.090142154435195,70.81042724418536,12.791514064748654,30.421169006719683,62.0227175174604,28.362943960714183,57.71774543714456,18.847546306868075,70.73996791829154,10.234599553292881,30.13114660300953,60.88867787648494,36.36052291716015,53.70826023221236
f834bd98,Preset,random,81,A5,20.218600259213375,66.04100469090878,3.223154654587219,0.0,63.61874952002734,25.16408231556251,55.549717974866795,18.847546306868075,70.73996791829154,10.234599553292881,30.13114660300953,60.88867787648494,36.36052291716015,53.70826023221236
f834bd98,Preset,random,93,A6,23.50063145005685,58.03583268998146,4.421937472299206,0.0,64.31583008600666,28.294063619631004,43.15660096124162,18.847546306868075,70.73996791829154,10.234599553292881,30.13114660300953,60.88867787648494,36.36052291716015,53.70826023221236
8e088fa4,Preset,random,45,A2,58.62775321028229,52.21806621524278,56.677583173970675,69.79369594970558,50.730313977033056,42.5649639845539,27.70875511685336,67.57165648637977,29.869582433942327,60.71239649959821,59.53223384385545,31.788445536883525,54.58770805588961,10.00532754900679
8e088fa4,Preset,random,57,A3,61.15581049451036,26.257662850735414,56.15216649956761,63.67348347594602,40.62278079914589,47.6608075260761,8.065438654707311,67.57165648637977,29.869582433942327,60.71239649959821,59.53223384385545,31.788445536883525,54.58770805588961,10.00532754900679
8e088fa4,Preset,random,69,A4,64.07257824201318,29.11061843387816,55.599752862711256,58.70524045793566,34.040984004749994,52.43310721120136,12.152706765917987,67.57165648637977,29.869582433942327,60.71239649959821,59.53223384385545,31.788445536883525,54.58770805588961,10.00532754900679
8e088fa4,Preset,random,81,A5,67.6835239075455,22.513363574790922,55.46477212117341,46.856718975155516,25.555026533598173,55.922761964323584,-0.8355703162109762,67.57165648637977,29.869582433942327,60.71239649959821,59.53223384385545,31.788445536883525,54.58770805588961,10.00532754900679
8e088fa4,Preset,random,93,A6,71.9908884183903,11.000021256687269,50.88773876424884,31.430929400349378,20.892276364897214,65.15374645037875,-18.213904261811827,67.57165648637977,29.869582433942327,60.71239649959821,59.53223384385545,31.788445536883525,54.58770805588961,10.00532754900679
fdb77372,Preset,random,45,A2,68.50562746219356,43.31969956206177,62.75498498795281,75.06995917088177,33.700534034334304,57.21018955222938,23.764121784262805,69.54512569315911,24.05652630205929,68.56101919726683,61.135540494353236,22.80675884562822,60.70458764213119,-6.713329845616897
fdb77372,Preset,random,57,A3,70.00482057851863,34.46288990476728,70.15781609702469,68.13630524238026,29.227492232684575,59.15554368648047,15.408935094209742,69.54512569315911,24.05652630205929,68.56101919726683,61.135540494353236,22.80675884562822,60.70458764213119,-6.713329845616897
fdb77372,Preset,random,69,A4,69.97727973772797,21.721698604877417,67.9981598203149,60.73608528585453,22.28057411955187,61.29576856262001,-7.539945228248641,69.54512569315911,24.05652630205929,68.56101919726683,61.135540494353236,22.80675884562822,60.70458764213119,-6.713329845616897
fdb77372,Preset,random,81,A5,72.747541361553,18.125313589473137,67.5679074112821,53.40059893635288,19.26410385019523,66.69444358988096,3.179905852443156,69.54512569315911,24.05652630205929,68.56101919726683,61.135540494353236,22.80675884562822,60.70458764213119,-6.713329845616897
fdb77372,Preset,random,93,A6,76.55367042203096,11.508430256452044,72.42063723808417,44.80787435905897,17.572575217253917,72.31640616469332,-0.9972524296981788,69.54512569315911,24.05652630205929,68.56101919726683,61.135540494353236,22.80675884562822,60.70458764213119,-6.713329845616897
e0d366c9,Preset,random,45,A2,58.19437445314184,74.5831829062163,56.21050503198555,43.700296913167804,57.71462701753339,52.3886456163124,37.03498297888047,57.15496438958638,68.63955719180558,53.472872319365734,59.054489595337465,53.101385302825115,54.01480627382158,37.52409134006797
e0d366c9,Preset,random,57,A3,60.70601535334551,72.08808568795578,58.62520582285785,65.32758353679036,54.44338461492648,56.27943101807694,36.44130269360728,57.15496438958638,68.63955719180558,53.472872319365734,59.054489595337465,53.101385302825115,54.01480627382158,37.52409134006797
e0d366c9,Preset,random,69,A4,56.07073275782273,70.33353950542289,51.50695270751899,53.09695398686271,54.24966078648622,53.96511040900966,39.84595895488097,57.15496438958638,68.63955719180558,53.472872319365734,59.054489595337465,53.101385302825115,54.01480627382158,37.52409134006797
e0d366c9,Preset,random,81,A5,49.203812400399904,64.46657649711342,48.46379572033598,43.27520000614562,50.54290366736914,49.369313127716524,43.04508581774735,57.15496438958638,68.63955719180558,53.472872319365734,59.054489595337465,53.101385302825115,54.01480627382158,37.52409134006797
e0d366c9,Preset,random,93,A6,53.49753697444486,53.28050271672704,51.526922758336895,42.354222207072475,48.24248865070227,50.56210492243056,33.27570862162551,57.15496438958638,68.63955719180558,53.472872319365734,59.054489595337465,53.101385302825115,54.01480627382158,37.52409134006797
2c2e64eb,Preset,random,45,A2,66.62274431174112,45.41439544832882,73.64053533122328,76.34728881522987,35.211356828843144,57.03932331330192,22.70767398174007,70.86164590501988,28.988173075050653,70.37892943453761,67.84343357708089,24.773955996363185,61.2287891953288,-2.695286381499578
2c2e64eb,Preset,random,57,A3,68.95296652126179,41.871608007533325,76.211601973023,72.74122721486683,33.22827389216155,57.873871670637655,22.919095558287022,70.86164590501988,28.988173075050653,70.37892943453761,67.84343357708089,24.773955996363185,61.2287891953288,-2.695286381499578
2c2e64eb,Preset,random,69,A4,66.6118423974838,27.555511609053006,70.70513686432068,65.72599572744166,26.524446840411947,58.20987794996947,2.510858598209964,70.86164590501988,28.988173075050653,70.37892943453761,67.84343357708089,24.773955996363185,61.2287891953288,-2.695286381499578
2c2e64eb,Preset,random,81,A5,73.00973491513025,21.040145208299172,74.64810245372337,59.716415256725824,19.619371046348082,66.49663611160656,-12.192636587946865,70.86164590501988,28.988173075050653,70.37892943453761,67.84343357708089,24.773955996363185,61.2287891953288,-2.695286381499578
2c2e64eb,Preset,random,93,A6,80.90070483391692,14.836548374391676,72.71159331525638,49.04189229165393,15.372331071075717,76.04882134367152,-16.534406183131182,70.86164590501988,28.988173075050653,70.37892943453761,67.84343357708089,24.773955996363185,61.2287891953288,-2.695286381499578
cd93c788,Preset,random,45,A2,46.67129378398546,62.02391446955502,48.77673228866237,38.578575625906794,60.17831528436824,37.942290821315574,41.34309189337953,63.737154582734895,21.891146267584183,58.528965945641914,30.364092390892967,32.95564628863414,51.053564477841775,13.644071248046142
cd93c788,Preset,random,57,A3,58.576966467571445,41.47643008225471,61.441773779016614,37.05861086036654,42.46357043727889,48.6526014272883,19.928608700439153,63.737154582734895,21.891146267584183,58.528965945641914,30.364092390892967,32.95564628863414,51.053564477841775,13.644071248046142
cd93c788,Preset,random,69,A4,62.61363480618896,18.745981247346265,54.65938800124118,31.940242103841445,35.03547113829641,55.333962835246695,-1.7045725564123693,63.737154582734895,21.891146267584183,58.528965945641914,30.364092390892967,32.95564628863414,51.053564477841775,13.644071248046142
cd93c788,Preset,random,81,A5,67.45433562895819,11.208726099018335,59.317176645306404,30.50246689574974,32.096987931809934,62.730346893791875,-9.42354119647758,63.737154582734895,21.891146267584183,58.528965945641914,30.364092390892967,32.95564628863414,51.053564477841775,13.644071248046142
cd93c788,Preset,random,93,A6,76.13516271406874,7.559230248427639,52.32962282607326,32.162856614462086,23.25950647972663,71.67367288863545,-16.081808781678184,63.737154582734895,21.891146267584183,58.528965945641914,30.364092390892967,32.95564628863414,51.053564477841775,13.644071248046142
7152442d,Preset,random,45,A2,33.6710383526376,73.65193739099163,41.81651718714444,51.91030809129393,68.80171089188784,26.499848185899705,42.99238237364829,28.47655297072784,61.36933247184859,27.94405498924627,38.368766943596356,65.12610499883058,19.462261110629406,42.13448156741434
7152442d,Preset,random,57,A3,33.25410763217923,70.23078321536404,35.303271830512784,42.07782128212562,67.63005963430376,24.167787453053727,46.62005646496142,28.47655297072784,61.36933247184859,27.94405498924627,38.368766943596356,65.12610499883058,19.462261110629406,42.13448156741434
7152442d,Preset,random,69,A4,28.383380022503385,61.284931256257494,28.21056973069429,37.39758014463742,65.29015868432494,18.72093758867288,42.15844469417959,28.47655297072784,61.36933247184859,27.94405498924627,38.368766943596356,65.12610499883058,19.462261110629406,42.13448156741434
7152442d,Preset,random,81,A5,25.18051821178237,59.70772069258099,21.071947054855784,0.0,69.07995599222482,22.3268954849162,44.12064281808911,28.47655297072784,61.36933247184859,27.94405498924627,38.368766943596356,65.12610499883058,19.462261110629406,42.13448156741434
7152442d,Preset,random,93,A6,32.63437525482137,33.5979413673847,33.303482129785195,30.903037314579727,50.40179751769714,25.69553329330031,21.471608489279983,28.47655297072784,61.36933247184859,27.94405498924627,38.368766943596356,65.12610499883058,19.462261110629406,42.13448156741434
24221bbd,Preset,random,45,A2,10.085088498047568,67.66649719057784,25.615382032187114,36.52704840480576,63.214490653707614,9.03910817084006,57.23347376641419,41.29729238158048,30.393981674305834,35.724492688604414,32.31391366720942,49.893177695745194,24.3560125795046,12.148266215128618
24221bbd,Preset,random,57,A3,25.176624653866895,55.95289789866607,23.44782771757812,23.248255277946544,67.5376466755617,13.262615521899253,44.39198865221046,41.29729238158048,30.393981674305834,35.724492688604414,32.31391366720942,49.893177695745194,24.3560125795046,12.148266215128618
24221bbd,Preset,random,69,A4,40.58158182965554,31.269798285025175,29.325989940026716,32.99800068530377,49.86349090571843,24.835031731555645,12.178301803017408,41.29729238158048,30.393981674305834,35.724492688604414,32.31391366720942,49.893177695745194,24.3560125795046,12.148266215128618
24221bbd,Preset,random,81,A5,56.18953175906861,19.366763394021568,41.25412117854232,43.0647213049416,40.79450970030038,41.01645150702882,18.93791109076821,41.29729238158048,30.393981674305834,35.724492688604414,32.31391366720942,49.893177695745194,24.3560125795046,12.148266215128618
24221bbd,Preset,random,93,A6,69.6899921537653,8.846627335441433,53.45811170523717,52.719866229989876,25.807400654827546,58.052328061362786,-8.601731642557738,41.29729238158048,30.393981674305834,35.724492688604414,32.31391366720942,49.893177695745194,24.3560125795046,12.148266215128618
d25106d0,Preset,random,45,A2,80.89948953941206,37.80381156284358,77.42001743255813,80.72738090280453,26.31911721941785,72.15978688955134,10.806521589417361,84.04842946994228,34.21849400824829,83.71611486832032,83.93839783794199,28.574871452054957,77.55697986535581,10.611582372282626
d25106d0,Preset,random,57,A3,82.5602581961028,38.50860375459295,81.27627942599327,82.55839825816992,26.818572028498345,75.09344324169936,10.793790540452733,84.04842946994228,34.21849400824829,83.71611486832032,83.93839783794199,28.574871452054957,77.55697986535581,10.611582372282626
d25106d0,Preset,random,69,A4,83.994846906864,35.452211575826524,80.89331711132263,83.92428270015584,23.38166080915086,76.99348247756384,10.143859719281092,84.04842946994228,34.21849400824829,83.71611486832032,83.93839783794199,28.574871452054957,77.55697986535581,10.611582372282626
d25106d0,Preset,random,81,A5,85.33914727814519,37.91704673169701,84.73618409964939,84.98569838300928,21.244403193185484,77.89766864653618,11.275855139532393,84.04842946994228,34.21849400824829,83.71611486832032,83.93839783794199,28.574871452054957,77.55697986535581,10.611582372282626
d25106d0,Preset,random,93,A6,86.6340727454307,35.3525341223857,79.20549305417163,85.94045154951777,19.367188498033233,77.6735912080831,12.393910369786834,84.04842946994228,34.21849400824829,83.71611486832032,83.93839783794199,28.574871452054957,77.55697986535581,10.611582372282626
84c2616a,BSDriveBass,factory,45,A2,32.45928268615375,71.23984701549142,41.287187552512975,49.71284343174081,62.305008548791264,29.420310981314188,51.88192712647219,47.70790941468195,52.44697317329806,47.622577055212446,36.64425019876875,56.626080888980674,30.006618416725047,36.66501341836607
84c2616a,BSDriveBass,factory,57,A3,39.255391437179036,65.77742451844553,45.34610189201615,43.160009450681564,62.980664448489094,33.95149911053686,45.442899075975596,47.70790941468195,52.44697317329806,47.622577055212446,36.64425019876875,56.626080888980674,30.006618416725047,36.66501341836607
84c2616a,BSDriveBass,factory,69,A4,47.68334678154346,53.00380683075969,47.11297966980172,36.35296277148296,58.275065668180034,29.360813834984203,36.647407504753104,47.70790941468195,52.44697317329806,47.622577055212446,36.64425019876875,56.626080888980674,30.006618416725047,36.66501341836607
84c2616a,BSDriveBass,factory,81,A5,57.9787627394389,28.40918462965871,62.239831571473076,33.632032372157525,35.79867327402188,43.73189050429349,12.25267975872439,47.70790941468195,52.44697317329806,47.622577055212446,36.64425019876875,56.626080888980674,30.006618416725047,36.66501341836607
84c2616a,BSDriveBass,factory,93,A6,66.8556158334395,16.455455323863454,62.90238098660032,27.776944858280253,24.26020783885656,56.22281762685377,14.936392583130795,47.70790941468195,52.44697317329806,47.622577055212446,36.64425019876875,56.626080888980674,30.006618416725047,36.66501341836607
81ff637e,Preset,random,45,A2,70.6436333260134,53.357292101786136,71.09550896602292,74.02213465493355,35.312875922803386,59.26429196344665,25.056007195032933,77.30496721279955,39.92727829051455,71.86661120379452,77.43850374682216,24.12475662559936,64.87333354814353,22.957489642249318
81ff637e,Preset,random,57,A3,73.63050557985329,45.16603464678214,72.95390863894389,75.34683389123023,27.892021130510155,61.64619974199149,22.841980214012594,77.30496721279955,39.92727829051455,71.86661120379452,77.43850374682216,24.12475662559936,64.87333354814353,22.957489642249318
81ff637e,Preset,random,69,A4,77.25703669378868,39.95755530341929,68.13557484884771,77.59297754637855,24.091043510153405,64.78924638804688,22.85890142255784,77.30496721279955,39.92727829051455,71.86661120379452,77.43850374682216,24.12475662559936,64.87333354814353,22.957489642249318
81ff637e,Preset,random,81,A5,80.10854340081157,33.190237406100856,66.43583005913024,73.30417107408613,24.280842509560696,70.476666196525,17.893742721757263,77.30496721279955,39.92727829051455,71.86661120379452,77.43850374682216,24.12475662559936,64.87333354814353,22.957489642249318
81ff637e,Preset,random,93,A6,83.7184495975185,21.865247392363166,67.12256617348615,68.12533962312085,17.935920883905,73.63757962804587,-17.852058743986028,77.30496721279955,39.92727829051455,71.86661120379452,77.43850374682216,24.12475662559936,64.87333354814353,22.957489642249318
28e61b1a,Preset,random,45,A2,62.06482471799639,28.203980564265485,66.41250095194067,37.60675054677999,35.049218760102164,48.63370990145609,2.863167324112922,73.51742673524816,11.280553723925486,73.585096794252,34.33239703342676,20.972525248012836,73.41996010872775,-12.798977382708955
28e61b1a,Preset,random,57,A3,68.43348123718103,19.49936933394455,69.56987701593911,34.02254844312592,27.403997183517266,62.00048208000401,4.845642931972122,73.51742673524816,11.280553723925486,73.585096794252,34.33239703342676,20.972525248012836,73.41996010872775,-12.798977382708955
28e61b1a,Preset,random,69,A4,73.20104789063191,11.295503636267604,72.72090367351262,32.0341087939141,21.130127084845245,72.49469725858276,-18.59160357987524,73.51742673524816,11.280553723925486,73.585096794252,34.33239703342676,20.972525248012836,73.41996010872775,-12.798977382708955
28e61b1a,Preset,random,81,A5,80.07107018683084,5.969827902807573,66.59151953694169,38.59016008980847,17.590901632708356,81.55500167696056,-23.969667609410585,73.51742673524816,11.280553723925486,73.585096794252,34.33239703342676,20.972525248012836,73.41996010872775,-12.798977382708955
28e61b1a,Preset,random,93,A6,84.81794862866306,1.6959561058072552,68.79567064537576,46.519844819192926,24.692264783101294,98.33886143209818,3.206238551964937,73.51742673524816,11.280553723925486,73.585096794252,34.33239703342676,20.972525248012836,73.41996010872775,-12.798977382708955
0f2ecbd2,Preset,random,45,A2,49.73248557625736,67.48708054746885,51.69428882040833,55.17273052223734,56.56484118564535,43.96388991179488,43.13381497371283,61.705400036848204,41.56364722908856,72.33026015966595,59.034941326696995,38.749936103248224,54.17129775260136,23.668177016052603
0f2ecbd2,Preset,random,57,A3,53.57509578672861,59.78625438169526,60.27853858536534,53.87595164188866,47.71345243584525,47.853327735087376,38.686127898055716,61.705400036848204,41.56364722908856,72.33026015966595,59.034941326696995,38.749936103248224,54.17129775260136,23.668177016052603
0f2ecbd2,Preset,random,69,A4,61.70912841892148,40.562213662080545,72.47840504402095,59.017102790947675,36.159723889210184,54.20193404696606,23.494031834049874,61.705400036848204,41.56364722908856,72.33026015966595,59.034941326696995,38.749936103248224,54.17129775260136,23.668177016052603
0f2ecbd2,Preset,random,81,A5,65.23435607111693,28.35533573174952,73.82718531186356,55.06604278019917,26.659650895937578,58.18824216403675,6.402410440866873,61.705400036848204,41.56364722908856,72.33026015966595,59.034941326696995,38.749936103248224,54.17129775260136,23.668177016052603
0f2ecbd2,Preset,random,93,A6,69.64457613107282,18.786068460365264,69.541526935434,45.57286506127049,18.937940078327244,63.04256228416455,13.45384639275855,61.705400036848204,41.56364722908856,72.33026015966595,59.034941326696995,38.749936103248224,54.17129775260136,23.668177016052603
12136299,Preset,random,45,A2,79.58998923583056,52.99145954707476,78.50536676074842,72.8548691885869,33.49718101073221,66.8776892636775,29.6456909223636,73.95280749939215,34.541018027067025,71.71702942759887,70.43797448998082,31.50095132789293,63.8035920834584,18.56461975155746
12136299,Preset,random,57,A3,72.97753316376301,46.88769300295926,72.68863684462309,71.60836914903769,36.893173149920784,63.70905516412013,27.019867178877817,73.95280749939215,34.541018027067025,71.71702942759887,70.43797448998082,31.50095132789293,63.8035920834584,18.56461975155746
12136299,Preset,random,69,A4,70.88764909722704,36.83590858528953,71.7449906908503,67.60210206304923,34.15355989629208,61.969361009058396,21.658919938915226,73.95280749939215,34.541018027067025,71.71702942759887,70.43797448998082,31.50095132789293,63.8035920834584,18.56461975155746
12136299,Preset,random,81,A5,78.28237786090165,22.238964364225254,76.0981068761671,73.81397675835709,22.076353444978945,68.34898312621048,-1.634521010329074,73.95280749939215,34.541018027067025,71.71702942759887,70.43797448998082,31.50095132789293,63.8035920834584,18.56461975155746
12136299,Preset,random,93,A6,79.0929947419717,15.542880606290943,76.39674327918098,73.50961831546343,17.453215352119727,71.8077773223296,1.8937880012164072,73.95280749939215,34.541018027067025,71.71702942759887,70.43797448998082,31.50095132789293,63.8035920834584,18.56461975155746
18ddab5e,Preset,random,45,A2,9.794151779575408,72.73242232024542,18.014199820136625,33.577378615128595,62.330880600651675,39.709712331209644,52.5362767082515,16.349837007096873,62.20080021781681,27.02360278356508,0.0,64.37017521150153,20.146215774532173,53.745350796868095
18ddab5e,Preset,random,57,A3,13.86363018038498,68.0320496483889,12.288156861374148,39.26571805590322,64.39430077610409,24.625721775980907,58.05095918657453,16.349837007096873,62.20080021781681,27.02360278356508,0.0,64.37017521150153,20.146215774532173,53.745350796868095
18ddab5e,Preset,random,69,A4,16.35376531172713,62.19492228183447,26.85429990778053,0.0,64.4540797981663,18.6990448448492,54.05422854388737,16.349837007096873,62.20080021781681,27.02360278356508,0.0,64.37017521150153,20.146215774532173,53.745350796868095
18ddab5e,Preset,random,81,A5,30.056050377611367,47.094342555152934,25.197780139265035,27.91658439362781,54.64290332625756,25.47864997115317,27.650350028114385,16.349837007096873,62.20080021781681,27.02360278356508,0.0,64.37017521150153,20.146215774532173,53.745350796868095
18ddab5e,Preset,random,93,A6,50.024385665354416,45.653145341346175,43.63197095651108,30.51053314951982,50.8897264199803,30.495537495299605,34.921656339140426,16.349837007096873,62.20080021781681,27.02360278356508,0.0,64.37017521150153,20.146215774532173,53.745350796868095
5556af11,Preset,random,45,A2,8.08365961025703,74.14020297075034,24.823689422757894,42.861085021173544,65.06987181876991,22.628912481748706,57.88667651358901,11.886378035349281,67.39878852888275,28.598267780066138,42.603961651766674,64.9916166841665,14.528036151416924,56.29061862887403
5556af11,Preset,random,57,A3,10.634391032346443,70.03478653094857,28.447901917373258,45.22545443649749,63.142956046267145,21.119453963761813,58.07423244422909,11.886378035349281,67.39878852888275,28.598267780066138,42.603961651766674,64.9916166841665,14.528036151416924,56.29061862887403
5556af11,Preset,random,69,A4,11.96977509105266,68.0353005173928,31.627724938337664,42.602589212084986,68.90474662957824,16.084495875484862,55.856981134714815,11.886378035349281,67.39878852888275,28.598267780066138,42.603961651766674,64.9916166841665,14.528036151416924,56.29061862887403
5556af11,Preset,random,81,A5,13.357139814047216,70.24995859621279,21.64342564225086,41.60803809276915,66.1773465150866,31.10965536789199,52.11015351955493,11.886378035349281,67.39878852888275,28.598267780066138,42.603961651766674,64.9916166841665,14.528036151416924,56.29061862887403
5556af11,Preset,random,93,A6,15.051978883716394,70.24306487242825,21.248698845953754,42.41782916821993,66.40812879852413,27.446085776313236,55.2370486949617,11.886378035349281,67.39878852888275,28.598267780066138,42.603961651766674,64.9916166841665,14.528036151416924,56.29061862887403
9f5b65f7,Preset,random,45,A2,22.97862882616983,71.91815993906214,22.602295613842145,48.88001926187355,65.18007351503415,20.341193475386913,55.749131334057054,32.517504824605496,59.05454354194161,34.39972206414964,26.561089789594835,63.46471574144958,18.678406583392366,45.56332412062435
9f5b65f7,Preset,random,57,A3,21.539641369481473,67.44899669861752,15.806964949923824,38.757047009250385,62.83822106953338,25.91484477536123,54.28905311501208,32.517504824605496,59.05454354194161,34.39972206414964,26.561089789594835,63.46471574144958,18.678406583392366,45.56332412062435
9f5b65f7,Preset,random,69,A4,32.62859200680154,59.01881727549648,31.910057187713363,27.483272914256624,61.67573860997548,24.840108912094948,43.444651785003174,32.517504824605496,59.05454354194161,34.39972206414964,26.561089789594835,63.46471574144958,18.678406583392366,45.56332412062435
9f5b65f7,Preset,random,81,A5,43.88660997811529,33.35631354589674,37.47966338009293,0.0,41.48403266378073,27.290282805219586,21.063109764478654,32.517504824605496,59.05454354194161,34.39972206414964,26.561089789594835,63.46471574144958,18.678406583392366,45.56332412062435
9f5b65f7,Preset,random,93,A6,55.89368008327756,19.72689783060249,55.59421464361364,0.0,31.848244119826518,42.45915595554365,21.446498034475567,32.517504824605496,59.05454354194161,34.39972206414964,26.561089789594835,63.46471574144958,18.678406583392366,45.56332412062435
fd8e3b63,Preset,random,45,A2,45.401933523675496,65.90783134598699,51.40642813279831,56.78335543802331,56.64616113684167,37.066954102646925,40.44698725251916,54.55931739959816,38.39891107852658,54.62272596152826,49.97358059439353,40.01701976377735,43.827638402828505,22.293589207257714
fd8e3b63,Preset,random,57,A3,48.818782688181535,60.237737302036315,53.617964267310526,53.81839675740873,55.76715717883677,40.19473162928258,33.98201953796377,54.55931739959816,38.39891107852658,54.62272596152826,49.97358059439353,40.01701976377735,43.827638402828505,22.293589207257714
fd8e3b63,Preset,random,69,A4,54.63104027371233,35.58746239779427,56.384183770279066,49.34009276672522,41.341879438404156,43.87232817455464,22.232450539195085,54.55931739959816,38.39891107852658,54.62272596152826,49.97358059439353,40.01701976377735,43.827638402828505,22.293589207257714
fd8e3b63,Preset,random,81,A5,60.28273692755783,28.56186057408396,65.38403576311876,49.06133018811597,28.392567554274503,51.09302158780451,3.162201031304754,54.55931739959816,38.39891107852658,54.62272596152826,49.97358059439353,40.01701976377735,43.827638402828505,22.293589207257714
fd8e3b63,Preset,random,93,A6,70.06769417514823,15.404534074096077,74.54837131266325,45.707326094317644,20.019195692053113,64.35657289410429,-4.174282561018373,54.55931739959816,38.39891107852658,54.62272596152826,49.97358059439353,40.01701976377735,43.827638402828505,22.293589207257714
7f4515ba,Preset,random,45,A2,40.83027363678799,69.96110580450866,41.979482566308576,51.18066213254915,62.395706212785264,32.08704396584111,45.205735766153126,51.717592295065536,54.60121422867846,48.04106523785754,40.301276027390514,52.90860621462745,40.87438173218827,32.64685978508466
7f4515ba,Preset,random,57,A3,48.02763567306931,63.394043748707816,45.72539593449437,49.43116112013781,59.08267648918756,37.51485262076532,38.591985775106025,51.717592295065536,54.60121422867846,48.04106523785754,40.301276027390514,52.90860621462745,40.87438173218827,32.64685978508466
7f4515ba,Preset,random,69,A4,51.34267934442856,52.8520922548181,47.33337411232017,40.526882503145444,52.02658570249095,40.88313688932566,32.178929305144464,51.717592295065536,54.60121422867846,48.04106523785754,40.301276027390514,52.90860621462745,40.87438173218827,32.64685978508466
7f4515ba,Preset,random,81,A5,67.36480088003766,24.751065043499565,62.34745266475542,48.67729081335974,26.51134241091939,54.02732858101319,2.970798343154904,51.717592295065536,54.60121422867846,48.04106523785754,40.301276027390514,52.90860621462745,40.87438173218827,32.64685978508466
7f4515ba,Preset,random,93,A6,74.70826350901363,17.23854721858885,64.34038973867689,50.229746921074366,20.84880982920587,67.03656964191347,-6.050690358875535,51.717592295065536,54.60121422867846,48.04106523785754,40.301276027390514,52.90860621462745,40.87438173218827,32.64685978508466
1a1b14b9,Preset,random,45,A2,18.087179112968215,66.42938530047768,26.74330730467696,31.312769233634295,65.24291895010617,-10.183646371236414,64.33356875558201,21.399452875307652,69.15836033606915,34.31496888911529,34.30856720038936,63.29484882981401,0.8682300623352077,59.67776105923723
1a1b14b9,Preset,random,57,A3,19.28069864998468,68.45724346603475,32.99741335258915,27.4361348024094,64.03435149718501,-2.676476813785847,65.28004033631169,21.399452875307652,69.15836033606915,34.31496888911529,34.30856720038936,63.29484882981401,0.8682300623352077,59.67776105923723
1a1b14b9,Preset,random,69,A4,14.611757693263705,66.61301691664278,23.768366937760405,28.266067718505035,61.5486017000573,-19.842980746244884,68.36170721274473,21.399452875307652,69.15836033606915,34.31496888911529,34.30856720038936,63.29484882981401,0.8682300623352077,59.67776105923723
1a1b14b9,Preset,random,81,A5,14.177919648691997,62.61315356938191,24.09512715636427,32.96162512369841,62.8687902493766,-22.086594254562534,64.00398298596895,21.399452875307652,69.15836033606915,34.31496888911529,34.30856720038936,63.29484882981401,0.8682300623352077,59.67776105923723
1a1b14b9,Preset,random,93,A6,22.634582583296407,48.60632745806993,28.916564513749037,36.95997210637493,64.40266042509356,-13.11014587989564,58.354889684918604,21.399452875307652,69.15836033606915,34.31496888911529,34.30856720038936,63.29484882981401,0.8682300623352077,59.67776105923723
2a44f2ae,Preset,random,45,A2,33.78283576216201,65.99358129924612,33.24936019090782,41.44091747829015,67.38016374736559,30.456879867577236,50.452463201563894,48.26506029732599,29.930900479116666,42.947449958197296,42.89731109928407,52.20470102262678,32.50012073052597,24.94069371305559
2a44f2ae,Preset,random,57,A3,38.507117032493696,57.97264956070131,38.93362015596598,45.13648734090156,67.95860338011887,25.70648256532711,43.19608025563783,48.26506029732599,29.930900479116666,42.947449958197296,42.89731109928407,52.20470102262678,32.50012073052597,24.94069371305559
2a44f2ae,Preset,random,69,A4,47.92424047965508,33.32561224795349,40.384333075091305,40.93847193184862,54.50365181944123,32.814665923728995,27.097764852639553,48.26506029732599,29.930900479116666,42.947449958197296,42.89731109928407,52.20470102262678,32.50012073052597,24.94069371305559
2a44f2ae,Preset,random,81,A5,58.01221591814519,20.814695131208836,52.557502304928846,35.967535941648634,43.72097515916825,40.84874260542539,10.09020515279322,48.26506029732599,29.930900479116666,42.947449958197296,42.89731109928407,52.20470102262678,32.50012073052597,24.94069371305559
2a44f2ae,Preset,random,93,A6,69.72057923592212,12.57246576768243,52.28511010865526,33.4830328051317,35.347590763645265,53.67743105984495,-2.02855142155164,48.26506029732599,29.930900479116666,42.947449958197296,42.89731109928407,52.20470102262678,32.50012073052597,24.94069371305559
8e93616d,Preset,random,45,A2,66.9611065758632,72.13675397356273,56.153131878656126,45.88245009875406,47.114985974431384,60.32166683321152,30.27431891460354,79.25600490998767,36.87017037620113,69.43890067736166,71.09384581514837,23.698958553886055,67.87848683061398,19.1626382368636
8e93616d,Preset,random,57,A3,71.16728909391642,69.52001722188224,74.20996873511118,55.09910773521045,39.67145194348509,62.00814690280248,28.938432604230616,79.25600490998767,36.87017037620113,69.43890067736166,71.09384581514837,23.698958553886055,67.87848683061398,19.1626382368636
8e93616d,Preset,random,69,A4,80.08550896076349,44.099620208788735,70.90242322425013,71.14819736183895,23.526899168837296,68.79405097827964,18.802016676965096,79.25600490998767,36.87017037620113,69.43890067736166,71.09384581514837,23.698958553886055,67.87848683061398,19.1626382368636
8e93616d,Preset,random,81,A5,82.89443254039963,25.187929045607163,73.78555059047423,73.97645929336214,18.54002326957709,73.84345644759443,8.534063080103728,79.25600490998767,36.87017037620113,69.43890067736166,71.09384581514837,23.698958553886055,67.87848683061398,19.1626382368636
8e93616d,Preset,random,93,A6,84.99670903589679,27.41532377195457,75.62842422223594,67.05015176652049,18.729848640181928,78.34650694080547,7.82371580530809,79.25600490998767,36.87017037620113,69.43890067736166,71.09384581514837,23.698958553886055,67.87848683061398,19.1626382368636
3b56dd34,Preset,random,45,A2,12.35802641006557,75.68503211656663,29.780271615372953,28.50292245574753,61.378313713522445,44.25130111727139,45.58204978300432,16.63927769292743,71.80586910424819,20.104468098630576,43.67163963964471,64.32071343720636,31.19587797480413,52.46892881997863
3b56dd34,Preset,random,57,A3,8.267863925938261,67.25793888143508,21.622109684983798,31.947603732230142,61.88199029126916,33.65258711835576,54.87203666799128,16.63927769292743,71.80586910424819,20.104468098630576,43.67163963964471,64.32071343720636,31.19587797480413,52.46892881997863
3b56dd34,Preset,random,69,A4,16.431186004221708,67.61289170703093,20.5660805415216,41.82006008685208,65.56747917069737,24.946340039631966,54.79373369822782,16.63927769292743,71.80586910424819,20.104468098630576,43.67163963964471,64.32071343720636,31.19587797480413,52.46892881997863
3b56dd34,Preset,random,81,A5,24.88854249551229,59.196651994611926,19.168546201531313,32.79275347816247,68.50520286278308,28.15518572409429,42.47265465342231,16.63927769292743,71.80586910424819,20.104468098630576,43.67163963964471,64.32071343720636,31.19587797480413,52.46892881997863
3b56dd34,Preset,random,93,A6,33.51987221138326,33.605375797568115,34.556436694170486,0.0,49.31557098887557,32.48560424436361,18.120439882653375,16.63927769292743,71.80586910424819,20.104468098630576,43.67163963964471,64.32071343720636,31.19587797480413,52.46892881997863
c6a52442,Preset,random,45,A2,55.73807994472871,70.55162612271303,55.3013780494139,30.15638691675875,58.98969614686099,54.0673503874787,29.27409612085323,50.6096221764064,69.88909327344861,48.243584098713086,56.526650923331594,52.58074604771953,48.60618411542188,40.94903898525281
c6a52442,Preset,random,57,A3,54.98037159859503,72.91482421398487,50.611861519276914,37.95893311173261,55.89861219020587,50.21049871499798,37.262064857488504,50.6096221764064,69.88909327344861,48.243584098713086,56.526650923331594,52.58074604771953,48.60618411542188,40.94903898525281
c6a52442,Preset,random,69,A4,56.7661453539877,66.55023959853148,64.51368789637598,60.96625904201859,49.87682321033518,51.01571959377349,35.92365340505397,50.6096221764064,69.88909327344861,48.243584098713086,56.526650923331594,52.58074604771953,48.60618411542188,40.94903898525281
c6a52442,Preset,random,81,A5,56.64341777918383,64.0538126919195,58.95086229467293,66.63172730921494,48.1461365331727,49.83295065168419,36.88457618171332,50.6096221764064,69.88909327344861,48.243584098713086,56.526650923331594,52.58074604771953,48.60618411542188,40.94903898525281
c6a52442,Preset,random,93,A6,56.459145047380694,45.1545103498199,55.86041128640656,61.61624425981614,38.498656297343885,49.041031166400636,28.252848877994445,50.6096221764064,69.88909327344861,48.243584098713086,56.526650923331594,52.58074604771953,48.60618411542188,40.94903898525281
6ab96373,Preset,random,45,A2,44.53892199528872,70.45884467521897,42.279521131815,40.302772895465466,60.24116102109873,41.70624843120489,47.306022847117276,48.37377707138463,56.19522053580561,46.348091862196384,47.68936246200155,56.04360001326226,40.21013251488743,39.53078758054035
6ab96373,Preset,random,57,A3,47.46177895589083,63.54142768965719,34.61515696459588,44.99525215431161,54.76095145124164,39.91393825705679,43.08869744994489,48.37377707138463,56.19522053580561,46.348091862196384,47.68936246200155,56.04360001326226,40.21013251488743,39.53078758054035
6ab96373,Preset,random,69,A4,48.30228363553468,56.17845009845733,48.514667100774204,46.82688221866822,54.75693272940324,40.40553730195737,40.32735696162095,48.37377707138463,56.19522053580561,46.348091862196384,47.68936246200155,56.04360001326226,40.21013251488743,39.53078758054035
6ab96373,Preset,random,81,A5,58.05850013064423,37.54377135832462,58.55370553066294,55.42944491455258,42.418640700086065,49.082783448342,5.234000216446379,48.37377707138463,56.19522053580561,46.348091862196384,47.68936246200155,56.04360001326226,40.21013251488743,39.53078758054035
6ab96373,Preset,random,93,A6,72.28589114219739,21.655531855437403,64.65091724408742,63.33178425857379,28.49230206552122,59.21785475693544,-8.653825769464312,48.37377707138463,56.19522053580561,46.348091862196384,47.68936246200155,56.04360001326226,40.21013251488743,39.53078758054035
56fbee9d,Preset,random,45,A2,46.10937751636404,27.843949737993597,37.52033914549838,48.095131188684924,54.114512654178654,25.276359802391475,23.694607508232576,50.98607689399815,66.06551551385903,42.312805916995174,0.0,52.53539527554763,38.89382900498738,36.11957418101177
56fbee9d,Preset,random,57,A3,47.64998860928489,58.132647762084765,37.036492343603,40.007295998093895,53.73738003361173,29.57549260337952,15.172215510583293,50.98607689399815,66.06551551385903,42.312805916995174,0.0,52.53539527554763,38.89382900498738,36.11957418101177
56fbee9d,Preset,random,69,A4,53.19022929084463,52.11013687612238,43.55661395494249,0.0,47.73948289032094,36.30732480545122,28.96416885737196,50.98607689399815,66.06551551385903,42.312805916995174,0.0,52.53539527554763,38.89382900498738,36.11957418101177
56fbee9d,Preset,random,81,A5,43.129829797549505,67.44153581496545,31.354266146076142,0.0,62.74427407636701,32.13599373521205,49.6083818506405,50.98607689399815,66.06551551385903,42.312805916995174,0.0,52.53539527554763,38.89382900498738,36.11957418101177
56fbee9d,Preset,random,93,A6,33.74483937353389,60.65271400972952,10.19093258653507,0.0,65.77444291310991,16.853800734072237,45.2531809350679,50.98607689399815,66.06551551385903,42.312805916995174,0.0,52.53539527554763,38.89382900498738,36.11957418101177
c95c9764,Preset,random,45,A2,14.991474943748962,,26.396765485986293,24.652807822300844,51.476988661057675,43.361306788007106,48.51553824279189,28.38128445359503,75.69040170244122,35.91536699744678,35.90376054550788,54.03167035657353,37.74677117421156,53.477700314427466
c95c9764,Preset,random,57,A3,20.980653975947394,72.26125158558828,29.365681200435617,41.95391977904655,48.13073612495624,38.967512306030976,52.91415289889329,28.38128445359503,75.69040170244122,35.91536699744678,35.90376054550788,54.03167035657353,37.74677117421156,53.477700314427466
c95c9764,Preset,random,69,A4,27.880652873450526,75.7020471115126,35.30543722701327,36.33421310808041,54.19449107431981,35.24989699377004,54.32398302836065,28.38128445359503,75.69040170244122,35.91536699744678,35.90376054550788,54.03167035657353,37.74677117421156,53.477700314427466
c95c9764,Preset,random,81,A5,39.59148517532604,70.53468722363662,61.52382707582649,0.0,61.372536001166864,49.453694988268026,43.1660373071904,28.38128445359503,75.69040170244122,35.91536699744678,35.90376054550788,54.03167035657353,37.74677117421156,53.477700314427466
c95c9764,Preset,random,93,A6,49.91414122098432,68.87808427141594,52.902448323981474,0.0,56.69618609507146,52.426912523556595,38.92775855376413,28.38128445359503,75.69040170244122,35.91536699744678,35.90376054550788,54.03167035657353,37.74677117421156,53.477700314427466
3c39d35a,Preset,random,45,A2,51.09568587503748,65.49738030790928,44.71573831706172,34.770491601017625,45.21553085339899,54.69778922785152,44.46538885050945,73.51431251462799,28.85858506845144,60.26960210687693,66.73712428574727,22.07400957083309,68.62278076901433,-2.855346355652067
3c39d35a,Preset,random,57,A3,62.20502946317732,52.23196137019853,58.43760913758129,58.850680974120294,44.10705805436819,60.762743524857946,30.857683942079987,73.51431251462799,28.85858506845144,60.26960210687693,66.73712428574727,22.07400957083309,68.62278076901433,-2.855346355652067
3c39d35a,Preset,random,69,A4,75.65135730357197,26.55184302566689,68.81414547338619,68.2665683833794,22.19590827340161,69.08564549423264,3.001449331620371,73.51431251462799,28.85858506845144,60.26960210687693,66.73712428574727,22.07400957083309,68.62278076901433,-2.855346355652067
3c39d35a,Preset,random,81,A5,81.06271053648142,16.299077818175782,68.32631888791434,66.47898160905916,18.605457009958585,77.08017476681934,2.2596437395515565,73.51431251462799,28.85858506845144,60.26960210687693,66.73712428574727,22.07400957083309,68.62278076901433,-2.855346355652067
3c39d35a,Preset,random,93,A6,81.46612306177283,9.470796199243118,74.02946022520786,61.619839596454675,21.30690610297803,79.93998282286341,-3.7458933054488526,73.51431251462799,28.85858506845144,60.26960210687693,66.73712428574727,22.07400957083309,68.62278076901433,-2.855346355652067
cb586d34,Preset,random,45,A2,43.88309180709188,58.18197798853958,40.81468429185966,0.0,59.25816596187649,31.80676109721949,37.402338165535795,50.701927913345095,17.983198134613133,46.37295795284459,0.0,34.28877251983357,45.618597275832265,20.112871807991272
cb586d34,Preset,random,57,A3,46.00824001552178,33.562642297530175,40.22920281577025,0.0,39.75197728715726,35.85103829040385,13.603357292393937,50.701927913345095,17.983198134613133,46.37295795284459,0.0,34.28877251983357,45.618597275832265,20.112871807991272
cb586d34,Preset,random,69,A4,51.460198021750514,17.99037198830959,67.1449361733251,0.0,32.54257507262557,50.60452170559224,18.99241697646267,50.701927913345095,17.983198134613133,46.37295795284459,0.0,34.28877251983357,45.618597275832265,20.112871807991272
cb586d34,Preset,random,81,A5,68.06123086345477,10.280257284332379,70.82521888033477,29.715045309312387,24.877216516837063,63.37988156312237,7.358848665073463,50.701927913345095,17.983198134613133,46.37295795284459,0.0,34.28877251983357,45.618597275832265,20.112871807991272
cb586d34,Preset,random,93,A6,78.79244247400632,4.707084180264751,79.08276192379304,31.330953872919636,25.830324026346744,73.24416318695432,6.272358255277901,50.701927913345095,17.983198134613133,46.37295795284459,0.0,34.28877251983357,45.618597275832265,20.112871807991272
0def7adf,Preset,random,45,A2,71.40190324204028,44.17480818758848,69.90004802595038,74.96444917712452,33.88692001493567,60.949039444984166,24.453935178505628,75.17616997799871,17.99827633636862,70.3087471259337,75.01056811089435,18.257358296492555,67.38609408022387,1.4185469389800573
0def7adf,Preset,random,57,A3,77.44220605428893,26.688863556396953,77.3086760720173,78.68414985226707,20.51074239832208,63.92440272397509,-3.8839068631944755,75.17616997799871,17.99827633636862,70.3087471259337,75.01056811089435,18.257358296492555,67.38609408022387,1.4185469389800573
0def7adf,Preset,random,69,A4,76.27228137752482,16.923459839552656,73.74171261836423,73.8541551798379,18.308039299024653,68.00108542634543,4.804232880549581,75.17616997799871,17.99827633636862,70.3087471259337,75.01056811089435,18.257358296492555,67.38609408022387,1.4185469389800573
0def7adf,Preset,random,81,A5,79.27287558941251,7.825572066376104,71.61341525751868,75.68066480354625,16.44413171460021,74.31144130095655,-13.914921966172912,75.17616997799871,17.99827633636862,70.3087471259337,75.01056811089435,18.257358296492555,67.38609408022387,1.4185469389800573
0def7adf,Preset,random,93,A6,83.16776509363467,3.1004677546751793,60.63844503912003,72.3917652927427,16.579163355241995,82.8149542257604,-14.634861000824827,75.17616997799871,17.99827633636862,70.3087471259337,75.01056811089435,18.257358296492555,67.38609408022387,1.4185469389800573
1cd1c1d9,Preset,random,45,A2,64.13365859440229,67.79132896119678,60.794951885653376,65.23387285296184,50.60915922250129,59.747169151316086,37.43319529716363,64.36312907975187,54.74806812302355,64.16952624979663,65.65277701579514,41.2450486742567,60.6094949761449,30.535810694603285
1cd1c1d9,Preset,random,57,A3,63.0145615063452,67.16225817715241,63.10399838273483,65.23125065869587,49.284586669709206,60.45320909355843,36.45221932149373,64.36312907975187,54.74806812302355,64.16952624979663,65.65277701579514,41.2450486742567,60.6094949761449,30.535810694603285
1cd1c1d9,Preset,random,69,A4,67.7446679085836,54.86662852682821,68.42356595118514,67.8227158926268,38.00192642032404,61.899443277825156,30.29327734193066,64.36312907975187,54.74806812302355,64.16952624979663,65.65277701579514,41.2450486742567,60.6094949761449,30.535810694603285
1cd1c1d9,Preset,random,81,A5,67.74759909728135,36.90275074517267,66.97794455468542,64.62513890538183,31.343143587963738,61.14879616915347,15.967608123754541,64.36312907975187,54.74806812302355,64.16952624979663,65.65277701579514,41.2450486742567,60.6094949761449,30.535810694603285
1cd1c1d9,Preset,random,93,A6,68.81186594714491,22.09824718785569,75.55316201127673,62.414614595958476,26.984832271165327,62.30669290197326,10.977385501095949,64.36312907975187,54.74806812302355,64.16952624979663,65.65277701579514,41.2450486742567,60.6094949761449,30.535810694603285
bfd42997,Preset,random,45,A2,33.57635050303223,60.75037275863645,34.077455282653034,31.812635542399697,60.857188117722316,17.377850284671197,42.5395062764945,61.19582095911096,24.638677948147333,50.8470647747543,41.69921935666997,36.178408302538045,44.893378188220396,9.381104202338612
bfd42997,Preset,random,57,A3,50.84074214229809,40.17360977194414,37.74047295069116,31.861407536260625,53.14451039906436,24.731681852799632,30.196494480092703,61.19582095911096,24.638677948147333,50.8470647747543,41.69921935666997,36.178408302538045,44.893378188220396,9.381104202338612
bfd42997,Preset,random,69,A4,61.148366940684774,25.606186738280172,48.44693957856592,43.655257914415714,36.93357844353913,45.04048978816073,9.524515554674842,61.19582095911096,24.638677948147333,50.8470647747543,41.69921935666997,36.178408302538045,44.893378188220396,9.381104202338612
bfd42997,Preset,random,81,A5,69.75251284642383,18.350182307969163,55.99332858949748,48.50219163256124,29.60406870785846,62.18885654334317,4.6825234031783225,61.19582095911096,24.638677948147333,50.8470647747543,41.69921935666997,36.178408302538045,44.893378188220396,9.381104202338612
bfd42997,Preset,random,93,A6,77.4274068920619,8.255126234314176,59.98796198471271,55.81797099824267,20.019324863946295,72.44600837905125,-13.956810072863874,61.19582095911096,24.638677948147333,50.8470647747543,41.69921935666997,36.178408302538045,44.893378188220396,9.381104202338612
5e25d901,Preset,random,45,A2,57.33053252156874,52.52422876323804,54.217406211436185,61.30953711026383,42.225095746875056,48.965891648851766,27.4816097808298,67.51805466717471,32.43828536517903,54.24521898494908,55.57499546935553,25.152445423757783,56.47668594606303,7.334070048596711
5e25d901,Preset,random,57,A3,59.92555512603425,47.448733150042244,55.916212667473246,60.85928386551615,39.734822562938845,51.30147368916653,27.338659527463516,67.51805466717471,32.43828536517903,54.24521898494908,55.57499546935553,25.152445423757783,56.47668594606303,7.334070048596711
5e25d901,Preset,random,69,A4,65.80344017031979,34.41045789179834,55.00851254696494,55.205911318434296,26.399763935926106,56.2430414433123,12.486254290235298,67.51805466717471,32.43828536517903,54.24521898494908,55.57499546935553,25.152445423757783,56.47668594606303,7.334070048596711
5e25d901,Preset,random,81,A5,70.27744517665573,23.71029951401733,53.81794018924131,50.74152386500409,21.08549369232203,63.49997076438109,2.180326685946504,67.51805466717471,32.43828536517903,54.24521898494908,55.57499546935553,25.152445423757783,56.47668594606303,7.334070048596711
5e25d901,Preset,random,93,A6,77.21145198732438,15.646383410936608,55.18532490520283,50.55682105142191,18.37431176281112,76.44744114428437,-14.69550706962356,67.51805466717471,32.43828536517903,54.24521898494908,55.57499546935553,25.152445423757783,56.47668594606303,7.334070048596711
3fc7eb0a,Preset,random,45,A2,18.26479207110996,67.2516829555351,28.131176711766557,42.12470633752853,68.33398950657141,2.689338262713246,57.4107912943353,38.58284719298783,55.16385968091403,31.13420801012124,49.874212375081655,57.063903027687196,23.516055536324963,36.84597861603078
3fc7eb0a,Preset,random,57,A3,27.781245670912558,69.78788788643006,31.437652252360508,45.528128611140765,66.66487044794823,16.637473527080424,47.48988825768642,38.58284719298783,55.16385968091403,31.13420801012124,49.874212375081655,57.063903027687196,23.516055536324963,36.84597861603078
3fc7eb0a,Preset,random,69,A4,38.84006761307812,46.56243929834959,32.76669718848785,50.29639497319181,57.73075519214656,18.0097623350583,36.48238022149687,38.58284719298783,55.16385968091403,31.13420801012124,49.874212375081655,57.063903027687196,23.516055536324963,36.84597861603078
3fc7eb0a,Preset,random,81,A5,45.69429930831873,51.21171480144223,42.289470896587346,54.58663545807511,58.2902995348907,20.924198465532406,36.056804211055365,38.58284719298783,55.16385968091403,31.13420801012124,49.874212375081655,57.063903027687196,23.516055536324963,36.84597861603078
3fc7eb0a,Preset,random,93,A6,53.5750875824236,43.5170480905478,48.3993313052614,58.74550673112399,52.08506883044546,31.278462725335874,29.572499816993524,38.58284719298783,55.16385968091403,31.13420801012124,49.874212375081655,57.063903027687196,23.516055536324963,36.84597861603078
620ba3ba,Preset,random,45,A2,65.60527769343027,53.867081605889766,64.31029125212035,63.60186181105769,41.88557239724398,58.028531298637944,25.281360233300457,73.52536053323371,41.18458227550456,67.09928696797346,62.62816166412683,25.123797864569028,65.16419084066692,11.466206899828498
620ba3ba,Preset,random,57,A3,67.31740383859992,53.38286137327983,63.492482159343695,66.10816328054734,38.55975776837181,60.77480884791785,23.47949774752308,73.52536053323371,41.18458227550456,67.09928696797346,62.62816166412683,25.123797864569028,65.16419084066692,11.466206899828498
620ba3ba,Preset,random,69,A4,72.56242417370325,41.220838311541456,68.67951911814316,63.026861067531826,25.51054489194925,63.809709634821196,11.641753777929258,73.52536053323371,41.18458227550456,67.09928696797346,62.62816166412683,25.123797864569028,65.16419084066692,11.466206899828498
620ba3ba,Preset,random,81,A5,76.21891844110402,40.73739004701963,63.88891378981609,62.04372283710811,25.70184671384522,66.34402742207106,25.345163153109816,73.52536053323371,41.18458227550456,67.09928696797346,62.62816166412683,25.123797864569028,65.16419084066692,11.466206899828498
620ba3ba,Preset,random,93,A6,83.22591340610343,34.70234661383036,63.99775730060628,57.14166352487308,24.154748742733776,73.69437680571804,21.884982374459135,73.52536053323371,41.18458227550456,67.09928696797346,62.62816166412683,25.123797864569028,65.16419084066692,11.466206899828498
34949c28,Preset,random,45,A2,17.356024472315184,72.16441301331378,29.103420204512673,36.452481319723965,66.46007726016194,19.019823615746837,57.75622371198102,33.732281759449414,70.18525984732878,43.20351917068578,34.972282294896345,66.89201720478079,37.28154674037601,42.39714595812766
34949c28,Preset,random,57,A3,29.683668258384955,69.23877511625781,46.89605605696934,0.0,70.4030840461918,30.11413443568784,49.09759665884522,33.732281759449414,70.18525984732878,43.20351917068578,34.972282294896345,66.89201720478079,37.28154674037601,42.39714595812766
34949c28,Preset,random,69,A4,34.34598816520732,75.80826411311153,41.410034648355406,33.467402882449065,66.58908507028204,37.5967968367512,41.33622746643258,33.732281759449414,70.18525984732878,43.20351917068578,34.972282294896345,66.89201720478079,37.28154674037601,42.39714595812766
34949c28,Preset,random,81,A5,32.67561673995688,73.5366903337631,26.20557980031934,29.441506219792274,62.333948223938215,37.534110405302,45.53690822377456,33.732281759449414,70.18525984732878,43.20351917068578,34.972282294896345,66.89201720478079,37.28154674037601,42.39714595812766
34949c28,Preset,random,93,A6,40.234752803710265,70.24702194900459,39.05304445677325,29.88306553667062,62.17229253041879,43.280561468132575,40.63480947851521,33.732281759449414,70.18525984732878,43.20351917068578,34.972282294896345,66.89201720478079,37.28154674037601,42.39714595812766
c2916929,Preset,random,45,A2,64.22900904168023,63.97217556542297,60.57753492427304,65.22740952299785,46.50537584478522,49.16785620568848,31.83626051510869,72.09385942279786,42.26771991206269,69.55912329681462,64.91030932439455,31.440503911035297,64.5428708256974,24.11466808665415
c2916929,Preset,random,57,A3,63.07710507464038,61.16387275711405,65.68450327382428,63.82124742695331,45.964247866543644,59.347448543468744,33.404401121487496,72.09385942279786,42.26771991206269,69.55912329681462,64.91030932439455,31.440503911035297,64.5428708256974,24.11466808665415
c2916929,Preset,random,69,A4,75.13797435482765,33.477331361808375,73.96212406158082,65.27190789876236,22.56870518631082,66.54551527350009,12.307676327514583,72.09385942279786,42.26771991206269,69.55912329681462,64.91030932439455,31.440503911035297,64.5428708256974,24.11466808665415
c2916929,Preset,random,81,A5,78.54111669126041,25.34781371388145,73.64569548455722,61.84414340850271,17.50306903751405,65.79398386551529,0.9478834346695031,72.09385942279786,42.26771991206269,69.55912329681462,64.91030932439455,31.440503911035297,64.5428708256974,24.11466808665415
c2916929,Preset,random,93,A6,80.84669798150352,18.69302254350911,74.85836970936552,53.62478119926995,12.944142158472225,72.09271955743077,-0.6469282094291131,72.09385942279786,42.26771991206269,69.55912329681462,64.91030932439455,31.440503911035297,64.5428708256974,24.11466808665415
010feb00,Preset,random,45,A2,8.482501645648895,71.83722221811314,20.38560500944635,29.059092534949837,59.691351973519005,27.215735520592297,58.48194084564253,15.992475258150428,73.19161185598928,25.31735049875904,31.994969310461695,66.93737522650217,-18.263803893258505,59.9597440614277
010feb00,Preset,random,57,A3,10.28735945972717,72.44499779164775,25.09027780450296,39.50419181768961,65.71060583898937,5.877136593222517,60.43832704216672,15.992475258150428,73.19161185598928,25.31735049875904,31.994969310461695,66.93737522650217,-18.263803893258505,59.9597440614277
010feb00,Preset,random,69,A4,21.620459380111903,63.506452345038745,32.512934699548396,0.0,66.3311144676999,15.699430551789298,49.06098479908658,15.992475258150428,73.19161185598928,25.31735049875904,31.994969310461695,66.93737522650217,-18.263803893258505,59.9597440614277
010feb00,Preset,random,81,A5,28.568201549086055,71.47918069021424,32.580131188054224,0.0,60.62836325957406,4.369206123409381,57.06942834675945,15.992475258150428,73.19161185598928,25.31735049875904,31.994969310461695,66.93737522650217,-18.263803893258505,59.9597440614277
010feb00,Preset,random,93,A6,23.60357622729478,65.71797916997029,37.11384887597856,29.16544778503343,58.673315877398494,8.74195177088227,62.994704627155485,15.992475258150428,73.19161185598928,25.31735049875904,31.994969310461695,66.93737522650217,-18.263803893258505,59.9597440614277
181a05dc,Preset,random,45,A2,38.20432143614242,66.93132312029219,43.02417676304779,41.658910730612426,63.00337821868298,29.550752138112543,42.552652986358,37.18217251049745,64.17034477343093,47.27951894363039,53.29735760376887,63.015917451388106,24.359202119063085,44.87679894442907
181a05dc,Preset,random,57,A3,39.06794967990034,69.93285690257468,39.3093164049305,53.33897730461678,65.09648740404012,21.35792783917634,47.507382684216694,37.18217251049745,64.17034477343093,47.27951894363039,53.29735760376887,63.015917451388106,24.359202119063085,44.87679894442907
181a05dc,Preset,random,69,A4,37.05315805216284,63.97739040594861,40.47997738157787,53.18117431902199,62.82121008603596,22.00137231130135,44.813072032129625,37.18217251049745,64.17034477343093,47.27951894363039,53.29735760376887,63.015917451388106,24.359202119063085,44.87679894442907
181a05dc,Preset,random,81,A5,44.85481683111604,52.59180934669743,49.91119329848081,54.99109709991747,56.46708420162043,25.90119820494659,29.526279076422064,37.18217251049745,64.17034477343093,47.27951894363039,53.29735760376887,63.015917451388106,24.359202119063085,44.87679894442907
181a05dc,Preset,random,93,A6,53.05089709791552,33.333579689119716,49.876358927503844,55.01377634381551,47.523250889849805,33.54074196690089,24.602721503823748,37.18217251049745,64.17034477343093,47.27951894363039,53.29735760376887,63.015917451388106,24.359202119063085,44.87679894442907
b13bbfcb,LDScouseLead,factory,45,A2,62.81876640702231,47.47043145821779,69.63363609462897,64.67169287209958,46.797752044409016,54.653844777180026,26.06665423072452,70.77801072918754,25.870015469809772,74.12217597795214,73.87701104183039,28.7364773554646,61.24836383610345,5.835496636599274
b13bbfcb,LDScouseLead,factory,57,A3,66.3063186525757,33.67510508826423,73.21380950691034,69.18959724496571,39.659645516424945,56.48832806699146,18.721174437101244,70.77801072918754,25.870015469809772,74.12217597795214,73.87701104183039,28.7364773554646,61.24836383610345,5.835496636599274
b13bbfcb,LDScouseLead,factory,69,A4,70.9717409918824,25.308158780010814,74.65039313998946,73.54476120932033,28.547983999453134,61.394950182568806,6.354024847021051,70.77801072918754,25.870015469809772,74.12217597795214,73.87701104183039,28.7364773554646,61.24836383610345,5.835496636599274
b13bbfcb,LDScouseLead,factory,81,A5,77.1313540411957,18.115300040422937,73.06539446888956,80.13284500668306,18.953374141860472,68.25382609524226,1.8547628850067,70.77801072918754,25.870015469809772,74.12217597795214,73.87701104183039,28.7364773554646,61.24836383610345,5.835496636599274
b13bbfcb,LDScouseLead,factory,93,A6,82.0383754149397,11.428031621609975,74.9565340283404,82.14492609944294,15.378734097318585,75.97446036541469,-9.091683037522138,70.77801072918754,25.870015469809772,74.12217597795214,73.87701104183039,28.7364773554646,61.24836383610345,5.835496636599274
2f1a03da,Preset,random,45,A2,11.908546731498951,70.29422307819684,33.98828834376843,29.473544479676104,62.83403055124262,40.50608189898753,48.01992115143477,7.608544759529082,67.57556912119462,15.184417070472875,36.147643744316824,64.8294075581174,17.521845208745916,57.19236309490587
2f1a03da,Preset,random,57,A3,6.90896530979721,65.53728528014263,13.952470869329673,46.03579410261908,61.55544240376602,31.57750212490787,56.31663525563687,7.608544759529082,67.57556912119462,15.184417070472875,36.147643744316824,64.8294075581174,17.521845208745916,57.19236309490587
2f1a03da,Preset,random,69,A4,5.4758720804315715,67.56185552599062,11.130058325432074,35.331084336986585,64.4868412423221,23.575211531131934,55.78988899784605,7.608544759529082,67.57556912119462,15.184417070472875,36.147643744316824,64.8294075581174,17.521845208745916,57.19236309490587
2f1a03da,Preset,random,81,A5,17.870481756412147,59.641567141268354,30.77997656335367,21.266639946863698,66.443296640894,24.845999568310575,45.01133387584767,7.608544759529082,67.57556912119462,15.184417070472875,36.147643744316824,64.8294075581174,17.521845208745916,57.19236309490587
2f1a03da,Preset,random,93,A6,33.46787222855842,56.5168437338025,40.17373235428339,32.69007737645011,62.04794063951262,30.301320066142278,37.33506793983507,7.608544759529082,67.57556912119462,15.184417070472875,36.147643744316824,64.8294075581174,17.521845208745916,57.19236309490587
603d8f40,Preset,random,45,A2,59.299925781177215,64.21420945610588,67.13958318603585,67.68049432475763,46.85180544021169,52.22392432771328,33.936134758052575,58.25527331014621,56.50307741144887,67.06267571620782,64.76234256544147,43.574914570861495,54.33096149846622,29.803716679901413
603d8f40,Preset,random,57,A3,59.628391619545056,64.4454776255445,65.71225683824622,66.61329505640481,42.98283244104676,51.98406292938674,32.818320162843584,58.25527331014621,56.50307741144887,67.06267571620782,64.76234256544147,43.574914570861495,54.33096149846622,29.803716679901413
603d8f40,Preset,random,69,A4,64.25505997000548,52.21302412582173,64.43327511250843,69.08816660061603,36.52812817735252,54.75117918931524,27.335727202989215,58.25527331014621,56.50307741144887,67.06267571620782,64.76234256544147,43.574914570861495,54.33096149846622,29.803716679901413
603d8f40,Preset,random,81,A5,69.21546049086214,39.188284997991644,64.4777281497779,68.62830806167958,32.04239348629386,59.77995176592613,22.633421427836588,58.25527331014621,56.50307741144887,67.06267571620782,64.76234256544147,43.574914570861495,54.33096149846622,29.803716679901413
603d8f40,Preset,random,93,A6,72.90291671995647,22.8557568136464,68.8080977575666,60.79332370927749,19.251870595565595,62.95226556451736,-3.417100141174153,58.25527331014621,56.50307741144887,67.06267571620782,64.76234256544147,43.574914570861495,54.33096149846622,29.803716679901413
09dd5af7,Preset,random,45,A2,18.55196656835475,67.05784552619225,29.696448397110487,39.564398879072726,60.8416726326829,23.343165124293897,52.52667582045457,42.62813526333635,32.73315201230821,37.889620647460106,0.0,48.029221419803534,28.385433317006502,14.940331439593932
09dd5af7,Preset,random,57,A3,28.802662244604477,57.796239290512794,28.7588195296444,23.188614322128885,64.71054762155512,18.1415848040225,43.821726626002445,42.62813526333635,32.73315201230821,37.889620647460106,0.0,48.029221419803534,28.385433317006502,14.940331439593932
09dd5af7,Preset,random,69,A4,42.63191720534374,32.73507950793474,37.78158010370608,0.0,47.95412184917542,28.643292875805436,14.846228801429646,42.62813526333635,32.73315201230821,37.889620647460106,0.0,48.029221419803534,28.385433317006502,14.940331439593932
09dd5af7,Preset,random,81,A5,55.25190432808546,19.111178237025058,45.212981861364426,0.0,36.75839835980541,42.00258163395471,17.090384865241393,42.62813526333635,32.73315201230821,37.889620647460106,0.0,48.029221419803534,28.385433317006502,14.940331439593932
09dd5af7,Preset,random,93,A6,68.22792403249734,11.016212105013146,50.74822676436105,0.0,24.89845850419788,55.718915983046074,-11.16102695401095,42.62813526333635,32.73315201230821,37.889620647460106,0.0,48.029221419803534,28.385433317006502,14.940331439593932
7d905cf5,Preset,random,45,A2,56.26718721262671,71.38024555342855,52.91083553177148,46.46889128675575,53.76452385647209,52.555951467118945,33.26500033074572,68.84130693452204,40.038119593142284,78.29665186141338,69.3324964519244,31.5257449766812,58.22381239693378,25.272179710963904
7d905cf5,Preset,random,57,A3,61.300532292215216,57.7702931390067,60.76164213382356,51.05515667766883,41.02096934936464,52.24659921194288,32.61560221043955,68.84130693452204,40.038119593142284,78.29665186141338,69.3324964519244,31.5257449766812,58.22381239693378,25.272179710963904
7d905cf5,Preset,random,69,A4,69.28290913315757,37.45906771493686,73.64706218722918,72.57346822422505,32.030592522778946,58.074875627550796,24.86674029881595,68.84130693452204,40.038119593142284,78.29665186141338,69.3324964519244,31.5257449766812,58.22381239693378,25.272179710963904
7d905cf5,Preset,random,81,A5,72.74804345352703,34.72501242563558,81.01136800048215,69.82003395716407,25.647590365914446,62.24697799565824,7.950643527576677,68.84130693452204,40.038119593142284,78.29665186141338,69.3324964519244,31.5257449766812,58.22381239693378,25.272179710963904
7d905cf5,Preset,random,93,A6,78.60265895580808,22.66625600801442,78.51271821146798,76.96850643356086,16.361566901372193,70.31094046899943,-6.188724487765818,68.84130693452204,40.038119593142284,78.29665186141338,69.3324964519244,31.5257449766812,58.22381239693378,25.272179710963904
b331a9d8,Preset,random,45,A2,1.755196209535626,71.85622975280641,15.428989216680534,40.365107728843114,61.63275139715681,32.31752225040549,56.367196758858505,20.666499623844715,59.01251923903038,23.116907282887013,0.0,68.70637876586743,22.47891558871132,44.67840418898608
b331a9d8,Preset,random,57,A3,16.263743650357682,67.40812693647948,21.232279181262143,37.21736456800909,64.31714629897513,29.81344384613244,53.654110451879596,20.666499623844715,59.01251923903038,23.116907282887013,0.0,68.70637876586743,22.47891558871132,44.67840418898608
b331a9d8,Preset,random,69,A4,22.138792461595273,58.17566055770534,27.74210823559106,0.0,68.76818600592827,21.316285679027953,44.52919382800893,20.666499623844715,59.01251923903038,23.116907282887013,0.0,68.70637876586743,22.47891558871132,44.67840418898608
b331a9d8,Preset,random,81,A5,35.53396681862783,30.484227004456457,35.328860105394924,0.0,48.888487132508054,31.580390519420618,18.41887967587639,20.666499623844715,59.01251923903038,23.116907282887013,0.0,68.70637876586743,22.47891558871132,44.67840418898608
b331a9d8,Preset,random,93,A6,50.9858785801424,19.41637954641039,44.577961544256226,0.0,37.14379930756682,39.396567534293425,20.329301021594695,20.666499623844715,59.01251923903038,23.116907282887013,0.0,68.70637876586743,22.47891558871132,44.67840418898608
5381f774,Preset,random,45,A2,42.51163231244972,63.589352915768465,45.190981300280015,54.32133420337897,62.87652259890553,23.41977127885054,42.42518293790964,53.03641138437958,41.32570156221145,51.78331082243258,45.08766466924179,51.53064255123458,35.90320901388087,29.38422742058807
5381f774,Preset,random,57,A3,46.90463307949178,55.03066100115574,51.77006166518484,48.853621497613524,58.43095339772523,27.552083745352572,37.77432086547976,53.03641138437958,41.32570156221145,51.78331082243258,45.08766466924179,51.53064255123458,35.90320901388087,29.38422742058807
5381f774,Preset,random,69,A4,53.046350550131514,41.708052305176544,51.1316837071646,45.27492087911059,51.519653486611816,36.1221968661566,29.41539258216956,53.03641138437958,41.32570156221145,51.78331082243258,45.08766466924179,51.53064255123458,35.90320901388087,29.38422742058807
5381f774,Preset,random,81,A5,60.56248304097787,23.63380325653017,56.85577628039576,40.770679989786984,38.36053344910058,45.3109044224178,15.703399149639706,53.03641138437958,41.32570156221145,51.78331082243258,45.08766466924179,51.53064255123458,35.90320901388087,29.38422742058807
5381f774,Preset,random,93,A6,68.13649252625761,16.328229698319547,61.02939888779508,41.10959642598877,30.573881483349787,54.19322883331969,14.93212421883836,53.03641138437958,41.32570156221145,51.78331082243258,45.08766466924179,51.53064255123458,35.90320901388087,29.38422742058807
6a6e7fc1,Preset,random,45,A2,59.794786614325524,54.90068243864599,53.94078530971527,62.187849674068225,52.64746640439438,34.02018462018628,37.34470996443464,62.78614753509801,28.141138439258285,46.38277852000749,45.224764245815955,42.47993928759391,37.867686670151926,20.40316596696622
6a6e7fc1,Preset,random,57,A3,61.50045422863403,39.829496669447295,46.75431165000333,54.545005350511516,47.0028693604399,37.45457210754211,28.488730629228026,62.78614753509801,28.141138439258285,46.38277852000749,45.224764245815955,42.47993928759391,37.867686670151926,20.40316596696622
6a6e7fc1,Preset,random,69,A4,62.87767964172529,27.51072110318072,46.48564164901168,44.784387474787735,42.185012624592794,39.02225728647437,19.873071372450447,62.78614753509801,28.141138439258285,46.38277852000749,45.224764245815955,42.47993928759391,37.867686670151926,20.40316596696622
6a6e7fc1,Preset,random,81,A5,63.30887570539308,20.74962365833025,48.044243629508145,38.738792773286875,34.67321242117704,43.378683296097975,9.22894731022214,62.78614753509801,28.141138439258285,46.38277852000749,45.224764245815955,42.47993928759391,37.867686670151926,20.40316596696622
6a6e7fc1,Preset,random,93,A6,69.95304380272148,16.9041539534456,46.78024641507784,34.99717906578488,29.579350520459016,52.14204642863581,-9.715096500174788,62.78614753509801,28.141138439258285,46.38277852000749,45.224764245815955,42.47993928759391,37.867686670151926,20.40316596696622
51f727ca,Preset,random,45,A2,9.401689527711774,72.0601122883045,23.9895605702213,44.066992397976165,61.303023610730676,29.066642738217226,56.90252542205684,21.776944072085335,59.5371407671615,30.44953818257298,28.462429568352004,67.68453078651572,15.022075212676032,47.62984831278541
51f727ca,Preset,random,57,A3,8.761517746949202,67.44762224787053,27.525378449861137,34.47854840129148,61.63831951937689,25.209519940593033,54.87073458208312,21.776944072085335,59.5371407671615,30.44953818257298,28.462429568352004,67.68453078651572,15.022075212676032,47.62984831278541
51f727ca,Preset,random,69,A4,21.78381537409978,59.53868231560188,30.528881840840455,28.538255604727915,67.7609981390275,14.697619250252963,47.67788065131971,21.776944072085335,59.5371407671615,30.44953818257298,28.462429568352004,67.68453078651572,15.022075212676032,47.62984831278541
51f727ca,Preset,random,81,A5,37.18773208373486,50.16547186635589,43.15226729034137,29.968518262279034,55.903011543457716,18.583827824079307,37.30594256358141,21.776944072085335,59.5371407671615,30.44953818257298,28.462429568352004,67.68453078651572,15.022075212676032,47.62984831278541
51f727ca,Preset,random,93,A6,50.88662811518021,51.5395379974068,49.48946382533725,36.082303119881146,54.70435061061975,32.064955779118435,37.056578632682275,21.776944072085335,59.5371407671615,30.44953818257298,28.462429568352004,67.68453078651572,15.022075212676032,47.62984831278541
49fe5850,Preset,random,45,A2,22.04643536073293,72.29682793133368,37.76219225369806,39.226395292387224,69.09136672782412,18.568591508678068,54.791193496862824,36.697757105171014,57.269646033336876,40.707088459470754,43.068674856835194,52.23546794127083,26.329399529301128,34.551772731463146
49fe5850,Preset,random,57,A3,28.003938445078,68.82230004318065,35.91830422860707,43.44805885540079,61.345532309463984,16.0745865448203,39.91426840913736,36.697757105171014,57.269646033336876,40.707088459470754,43.068674856835194,52.23546794127083,26.329399529301128,34.551772731463146
49fe5850,Preset,random,69,A4,36.35385496132254,60.63977215663908,45.95368657352489,43.27085670500096,54.66866421238555,26.509905997643166,35.89704610062241,36.697757105171014,57.269646033336876,40.707088459470754,43.068674856835194,52.23546794127083,26.329399529301128,34.551772731463146
49fe5850,Preset,random,81,A5,57.19625723152086,31.67509631876657,52.63311314382244,32.26047517282393,30.162548152674876,42.005904965055066,25.923087749092353,36.697757105171014,57.269646033336876,40.707088459470754,43.068674856835194,52.23546794127083,26.329399529301128,34.551772731463146
49fe5850,Preset,random,93,A6,73.34685850784419,25.178369088095316,52.477902067850806,0.0,23.172261340046266,53.82382963865139,16.620040532696066,36.697757105171014,57.269646033336876,40.707088459470754,43.068674856835194,52.23546794127083,26.329399529301128,34.551772731463146
9f7c94f0,Preset,random,45,A2,73.63413781789143,34.41987797603447,83.14022843733966,76.92789910840776,23.488494262719485,62.55390096593942,10.857190873076986,69.5347530972679,29.087499991299865,74.48643559677944,59.914271201981826,21.643531805642283,60.822469563142135,3.9000432624387855
9f7c94f0,Preset,random,57,A3,72.92037657253056,32.00482133271047,76.88159568769973,68.52043396242807,24.513361848234464,61.60864239293731,15.270289697045278,69.5347530972679,29.087499991299865,74.48643559677944,59.914271201981826,21.643531805642283,60.822469563142135,3.9000432624387855
9f7c94f0,Preset,random,69,A4,69.50564779737473,25.905528902950202,68.33104052083422,59.952484545768,21.79694338195936,60.71393520145256,4.070532289466598,69.5347530972679,29.087499991299865,74.48643559677944,59.914271201981826,21.643531805642283,60.822469563142135,3.9000432624387855
9f7c94f0,Preset,random,81,A5,68.60790528838064,19.127392936496655,72.27000599795974,51.041489717457175,21.035831893004296,63.279469199755596,11.203682068185561,69.5347530972679,29.087499991299865,74.48643559677944,59.914271201981826,21.643531805642283,60.822469563142135,3.9000432624387855
9f7c94f0,Preset,random,93,A6,72.67467887361776,10.62843852881489,70.81416427616182,42.25241572248098,18.624426187955212,68.48907716194597,3.928361197907712,69.5347530972679,29.087499991299865,74.48643559677944,59.914271201981826,21.643531805642283,60.822469563142135,3.9000432624387855
ad950978,Preset,random,45,A2,28.84424409485266,66.94874387587669,32.816567722067774,28.454081203916328,54.30867809409385,24.551249361791307,54.05033063142698,47.3926634660591,27.08881690591344,47.80808140985923,0.0,34.878691137207994,35.32746394116342,13.774477020711135
ad950978,Preset,random,57,A3,38.13832360676053,51.072093176233246,32.02931427478953,0.0,55.71076035946561,24.785187977367848,42.81374518020624,47.3926634660591,27.08881690591344,47.80808140985923,0.0,34.878691137207994,35.32746394116342,13.774477020711135
ad950978,Preset,random,69,A4,47.39545624311229,27.410416830470126,47.623107833796496,0.0,34.889926331071294,35.32763855321909,13.501206303771735,47.3926634660591,27.08881690591344,47.80808140985923,0.0,34.878691137207994,35.32746394116342,13.774477020711135
ad950978,Preset,random,81,A5,55.8194309362684,18.155515501489525,55.67841722295984,43.995957612938895,29.368872864036106,46.77307049006028,15.334161023251637,47.3926634660591,27.08881690591344,47.80808140985923,0.0,34.878691137207994,35.32746394116342,13.774477020711135
ad950978,Preset,random,93,A6,68.1555575375397,9.491621550434836,58.711130383405475,42.63963037640503,22.180362360866987,59.10019913920337,-9.683292029733408,47.3926634660591,27.08881690591344,47.80808140985923,0.0,34.878691137207994,35.32746394116342,13.774477020711135
9276feb1,Preset,random,45,A2,51.502420876347124,62.753566353318156,47.88246110857864,52.256783838660446,56.1800050704194,31.65094525064094,32.94645525921074,67.46190137610145,24.467631256879763,56.57309014083262,60.314758543610985,40.42092870102993,47.958352652312335,11.155483267962609
9276feb1,Preset,random,57,A3,55.27432819437555,33.46769775325078,53.195791123752855,53.90318679088409,46.756245707171374,37.80134193168013,25.382996446804196,67.46190137610145,24.467631256879763,56.57309014083262,60.314758543610985,40.42092870102993,47.958352652312335,11.155483267962609
9276feb1,Preset,random,69,A4,67.46207490158372,13.61246229435858,50.78279009149466,61.213331714491126,40.38090150222213,47.80978639257054,10.014951680732228,67.46190137610145,24.467631256879763,56.57309014083262,60.314758543610985,40.42092870102993,47.958352652312335,11.155483267962609
9276feb1,Preset,random,81,A5,76.00357311481218,20.060953523840453,62.307731018671234,69.39478938278312,32.057208586088876,61.082611223056446,-3.9244051993627664,67.46190137610145,24.467631256879763,56.57309014083262,60.314758543610985,40.42092870102993,47.958352652312335,11.155483267962609
9276feb1,Preset,random,93,A6,73.7298197180418,18.114950009613338,67.53355612034261,70.65776735447025,33.38059409349768,62.710403686939685,2.5883090101260464,67.46190137610145,24.467631256879763,56.57309014083262,60.314758543610985,40.42092870102993,47.958352652312335,11.155483267962609
95bf091e,Preset,random,45,A2,54.57413234574541,65.32584571824955,48.04247882618512,57.71644987009867,58.32746562844817,38.90224074291436,35.86596175153137,59.632513066795866,41.71389434655285,53.21048968217923,61.81715026071245,47.67479986113931,47.238949633255636,19.718472718473244
95bf091e,Preset,random,57,A3,55.418460649454055,50.92842816504095,49.26978723635736,60.87099228161562,60.415556129238205,41.5523829895495,33.51963514248362,59.632513066795866,41.71389434655285,53.21048968217923,61.81715026071245,47.67479986113931,47.238949633255636,19.718472718473244
95bf091e,Preset,random,69,A4,59.72194996039147,41.68163560966343,52.081091954022526,61.801465233899464,47.865681933425776,46.987612816543155,20.612531909749837,59.632513066795866,41.71389434655285,53.21048968217923,61.81715026071245,47.67479986113931,47.238949633255636,19.718472718473244
95bf091e,Preset,random,81,A5,65.11607969458804,26.995030187812766,56.71188456244289,63.680241868105476,41.51920372268471,53.355054278157894,15.925914211063041,59.632513066795866,41.71389434655285,53.21048968217923,61.81715026071245,47.67479986113931,47.238949633255636,19.718472718473244
95bf091e,Preset,random,93,A6,70.0789659488535,19.248349262369274,61.75269543647522,66.61495794383517,36.46050712815029,60.16936935546685,9.17031940045458,59.632513066795866,41.71389434655285,53.21048968217923,61.81715026071245,47.67479986113931,47.238949633255636,19.718472718473244
11781bad,Preset,random,45,A2,29.8393441348089,70.80168570244014,53.291600158778294,32.565131217425375,68.20444437836129,49.511751018718805,36.971945363115566,18.28970164801529,72.84882016867923,37.937850446296906,22.116056002894112,63.05323075325377,30.67512497457168,53.26490640611556
11781bad,Preset,random,57,A3,27.689639609869417,76.51829330637696,51.36064841451298,0.0,67.29327559106466,42.47557780285927,44.41316041272927,18.28970164801529,72.84882016867923,37.937850446296906,22.116056002894112,63.05323075325377,30.67512497457168,53.26490640611556
11781bad,Preset,random,69,A4,25.360826866533962,74.30338000095038,42.86965980482131,30.486950620389848,62.11308031759401,35.99934709035038,48.39112950947006,18.28970164801529,72.84882016867923,37.937850446296906,22.116056002894112,63.05323075325377,30.67512497457168,53.26490640611556
11781bad,Preset,random,81,A5,20.5751580479372,66.19046137861875,35.08646918087672,28.169480869305378,62.83596304969414,28.972196916587315,54.84374262057622,18.28970164801529,72.84882016867923,37.937850446296906,22.116056002894112,63.05323075325377,30.67512497457168,53.26490640611556
11781bad,Preset,random,93,A6,17.140029981401014,66.92076262966076,29.016359626244537,28.509765377341296,58.19548610217856,-9.539965300931108,64.62187628565351,18.28970164801529,72.84882016867923,37.937850446296906,22.116056002894112,63.05323075325377,30.67512497457168,53.26490640611556
82581e01,Preset,random,45,A2,61.77815719885272,25.028046039960955,65.66082853151826,51.823934365373304,31.016652592182616,54.60617222860043,-3.6772210810905754,75.82871311539537,7.9132545971904875,63.319539851759345,53.18341352389761,19.435022707746686,71.9065644293241,-1.4158923297901254
82581e01,Preset,random,57,A3,69.52719261534274,15.123026891890689,77.05396904724324,57.68198187953153,24.49713086527808,65.88770065357068,6.753322310560129,75.82871311539537,7.9132545971904875,63.319539851759345,53.18341352389761,19.435022707746686,71.9065644293241,-1.4158923297901254
82581e01,Preset,random,69,A4,75.49811385214511,7.804790134216461,59.76504844062927,51.065089421584915,20.84830129530066,69.26633888866792,0.08369281327597378,75.82871311539537,7.9132545971904875,63.319539851759345,53.18341352389761,19.435022707746686,71.9065644293241,-1.4158923297901254
82581e01,Preset,random,81,A5,82.17477847994887,5.655874077488136,56.92862717237682,57.498565757512715,20.762037384331865,89.63639803981356,-12.376966644658054,75.82871311539537,7.9132545971904875,63.319539851759345,53.18341352389761,19.435022707746686,71.9065644293241,-1.4158923297901254
82581e01,Preset,random,93,A6,87.29485376750536,3.7890765737564465,60.09660686826359,60.201287238508975,30.957260885347537,110.83842175029353,-31.632252481087505,75.82871311539537,7.9132545971904875,63.319539851759345,53.18341352389761,19.435022707746686,71.9065644293241,-1.4158923297901254
a2de9fb9,Preset,random,45,A2,49.67735372197698,68.72901763804319,40.31871057282736,32.89878823296448,51.155064327823055,44.79602504151946,45.44645327123227,59.657183730346176,45.327408849623424,55.37860844952016,47.40512408363746,35.302211725854086,54.046837128275996,16.974165769315817
a2de9fb9,Preset,random,57,A3,48.11844106063884,63.847966384885304,44.25241886487359,33.88883627062672,51.264223706460086,46.04354254787228,43.18894597971534,59.657183730346176,45.327408849623424,55.37860844952016,47.40512408363746,35.302211725854086,54.046837128275996,16.974165769315817
a2de9fb9,Preset,random,69,A4,59.953039793522855,43.77718272843569,54.88200273684063,47.130820792691964,34.215868949614965,54.4795047999697,17.93003519073553,59.657183730346176,45.327408849623424,55.37860844952016,47.40512408363746,35.302211725854086,54.046837128275996,16.974165769315817
a2de9fb9,Preset,random,81,A5,71.50711187946398,22.369617986928958,54.634104040374154,49.49751428082678,18.921734629057095,65.49396813896547,-1.3109807212899973,59.657183730346176,45.327408849623424,55.37860844952016,47.40512408363746,35.302211725854086,54.046837128275996,16.974165769315817
a2de9fb9,Preset,random,93,A6,71.89751120961323,16.24458924727619,55.87529855381234,44.50098668377126,21.06455418846689,69.62506575815301,10.716928053324015,59.657183730346176,45.327408849623424,55.37860844952016,47.40512408363746,35.302211725854086,54.046837128275996,16.974165769315817
38dbcc7d,Preset,random,45,A2,59.531948718220775,46.03819375767091,64.48822367365497,54.446504598403834,34.858710664570225,51.872623968476205,27.54001937946387,71.3799833085148,17.191215909987868,72.86714693059511,68.17962676216293,20.63749867587387,64.2509332038016,14.230874259825024
38dbcc7d,Preset,random,57,A3,65.19466430529948,26.212480645405734,72.47868861976579,61.05740076094231,23.29178209958013,57.350261752324045,12.793953017447002,71.3799833085148,17.191215909987868,72.86714693059511,68.17962676216293,20.63749867587387,64.2509332038016,14.230874259825024
38dbcc7d,Preset,random,69,A4,71.38131795547815,17.282448534167322,71.69557328650532,67.94046797092054,20.29165744159186,64.18496583957761,15.049054345401041,71.3799833085148,17.191215909987868,72.86714693059511,68.17962676216293,20.63749867587387,64.2509332038016,14.230874259825024
38dbcc7d,Preset,random,81,A5,77.49449353274414,9.603337956354757,67.86522075797271,64.6650385713482,16.04372289557967,73.63221081643664,1.8270234041509106,71.3799833085148,17.191215909987868,72.86714693059511,68.17962676216293,20.63749867587387,64.2509332038016,14.230874259825024
38dbcc7d,Preset,random,93,A6,83.4076527835377,4.900196044864217,65.97194617861783,62.07022623036981,19.222696406565696,82.7063371495601,-12.56740723351443,71.3799833085148,17.191215909987868,72.86714693059511,68.17962676216293,20.63749867587387,64.2509332038016,14.230874259825024
4abdd4ec,Preset,random,45,A2,33.313503016990815,79.54090863327762,38.54246316718114,0.0,64.42379782214361,44.37608013783406,37.097869343889855,29.59000314906192,71.21167338841421,26.19001550688253,30.35909253674293,60.050203162874425,35.430686484680216,53.9558002603149
4abdd4ec,Preset,random,57,A3,40.92525921909766,74.92724026802578,27.660943747644367,0.0,60.649082037588826,42.36190158425588,45.87434664863896,29.59000314906192,71.21167338841421,26.19001550688253,30.35909253674293,60.050203162874425,35.430686484680216,53.9558002603149
4abdd4ec,Preset,random,69,A4,29.554601731915692,71.20672607780966,33.4641400083609,30.319466611232624,59.9382114538481,34.85096778208129,54.27950206160165,29.59000314906192,71.21167338841421,26.19001550688253,30.35909253674293,60.050203162874425,35.430686484680216,53.9558002603149
4abdd4ec,Preset,random,81,A5,29.289305158970812,66.56865063157407,6.3128533431186185,0.0,64.02781105162072,25.38194057548207,52.724144179755896,29.59000314906192,71.21167338841421,26.19001550688253,30.35909253674293,60.050203162874425,35.430686484680216,53.9558002603149
4abdd4ec,Preset,random,93,A6,30.665921774442303,56.12599533102298,10.772754462423677,0.0,64.5840176291355,20.39456268716063,44.140862861386736,29.59000314906192,71.21167338841421,26.19001550688253,30.35909253674293,60.050203162874425,35.430686484680216,53.9558002603149
d23fea90,Preset,random,45,A2,17.31327130188467,72.21798445384903,28.97060045368511,41.216640105756184,61.95500108212821,38.42219229415154,51.95826247681945,32.74212973313066,67.36946942159291,45.9532917628419,0.0,70.49888216891489,39.85826803248177,42.75326980513262
d23fea90,Preset,random,57,A3,21.991231847697406,63.17091318929156,31.864667440784658,34.64017404201479,64.78976339639465,24.40060413757663,55.404018406939976,32.74212973313066,67.36946942159291,45.9532917628419,0.0,70.49888216891489,39.85826803248177,42.75326980513262
d23fea90,Preset,random,69,A4,35.709402180829855,76.9254938040253,52.07412665405613,27.905402755070885,67.86309959971382,46.661027058052255,39.80939334239186,32.74212973313066,67.36946942159291,45.9532917628419,0.0,70.49888216891489,39.85826803248177,42.75326980513262
d23fea90,Preset,random,81,A5,35.26295304463352,69.8826029489746,50.07909559498293,0.0,69.24446496632862,48.289256511377246,38.83637841784844,32.74212973313066,67.36946942159291,45.9532917628419,0.0,70.49888216891489,39.85826803248177,42.75326980513262
d23fea90,Preset,random,93,A6,31.180738528703987,70.84673001477323,47.25689643865533,0.0,67.6164025290876,46.03625959471303,40.934077056294875,32.74212973313066,67.36946942159291,45.9532917628419,0.0,70.49888216891489,39.85826803248177,42.75326980513262
b84d39b2,Preset,random,45,A2,34.23083878025438,74.32743151894675,49.43879945652728,36.44077610463004,66.53724763869693,24.234909175745273,52.847128602745435,37.97584716163857,70.40929390024105,42.86980996202843,38.83785847178324,65.14517130154627,25.970928272746576,50.14429572791395
b84d39b2,Preset,random,57,A3,29.622141273534474,75.28302431490415,28.24532113796934,44.42953940917406,66.0523866122042,7.372874486216425,55.06998686936285,37.97584716163857,70.40929390024105,42.86980996202843,38.83785847178324,65.14517130154627,25.970928272746576,50.14429572791395
b84d39b2,Preset,random,69,A4,38.06134240792167,70.42852026666064,43.20768548061193,38.70520695725103,65.02436249153135,27.05571140916563,49.84083703456792,37.97584716163857,70.40929390024105,42.86980996202843,38.83785847178324,65.14517130154627,25.970928272746576,50.14429572791395
b84d39b2,Preset,random,81,A5,35.37698836632073,63.76264640711949,40.33859796699943,35.07087815407816,69.01198426540199,12.512503100050143,47.44545351565294,37.97584716163857,70.40929390024105,42.86980996202843,38.83785847178324,65.14517130154627,25.970928272746576,50.14429572791395
b84d39b2,Preset,random,93,A6,32.44912153006227,57.1612485239019,22.40374520264453,34.426165460628965,67.70102363320424,10.16058373313712,45.96843887962386,37.97584716163857,70.40929390024105,42.86980996202843,38.83785847178324,65.14517130154627,25.970928272746576,50.14429572791395
14802cec,Preset,random,45,A2,30.227389352784073,70.58139436934194,33.40894774588905,44.326072476358405,66.72849314523911,18.18663396632628,55.077001621335725,40.24254754710172,43.78878969147836,27.156482986614108,42.327938557975294,54.54299896371515,19.815136260951597,39.66210402543561
14802cec,Preset,random,57,A3,29.848111971144732,60.261583104877204,33.92794114014595,46.27630149857631,65.8488333189537,16.383754081256757,47.390775821237156,40.24254754710172,43.78878969147836,27.156482986614108,42.327938557975294,54.54299896371515,19.815136260951597,39.66210402543561
14802cec,Preset,random,69,A4,40.276171569703294,43.86317499999065,29.59686815959664,42.13295500335765,54.37313340830942,20.849810131542164,39.85967524474462,40.24254754710172,43.78878969147836,27.156482986614108,42.327938557975294,54.54299896371515,19.815136260951597,39.66210402543561
14802cec,Preset,random,81,A5,52.344928767554634,38.26418731517697,50.37693219918427,42.862749052917984,52.56212756286777,30.681753829084265,34.73100214288702,40.24254754710172,43.78878969147836,27.156482986614108,42.327938557975294,54.54299896371515,19.815136260951597,39.66210402543561
14802cec,Preset,random,93,A6,62.615531443625166,52.340612699798534,48.64114956078106,45.48642833409388,55.83990721291902,32.38399237721337,37.1521342710229,40.24254754710172,43.78878969147836,27.156482986614108,42.327938557975294,54.54299896371515,19.815136260951597,39.66210402543561
0d41510c,Preset,random,45,A2,48.59649228559857,67.5790479589922,49.00175413990078,40.038638750117826,54.536994025839455,44.77254379079933,42.231507630915814,51.156383427463325,58.356187337013836,57.06465494226671,55.39892418155119,47.00708314005661,42.957975250729405,35.544933042035076
0d41510c,Preset,random,57,A3,48.88541194405694,68.35754318114445,56.86623299744616,58.09402345465314,51.23758227475672,42.21253701160224,42.101614623748645,51.156383427463325,58.356187337013836,57.06465494226671,55.39892418155119,47.00708314005661,42.957975250729405,35.544933042035076
0d41510c,Preset,random,69,A4,51.15971982645056,58.29210247924986,55.97030483847263,55.353825628074304,47.1032800310233,43.22971480324576,35.30524424323151,51.156383427463325,58.356187337013836,57.06465494226671,55.39892418155119,47.00708314005661,42.957975250729405,35.544933042035076
0d41510c,Preset,random,81,A5,55.04790287778073,44.969187986529136,60.069562508549325,54.554286092667866,41.536215577381206,46.09794128211564,27.245846938977284,51.156383427463325,58.356187337013836,57.06465494226671,55.39892418155119,47.00708314005661,42.957975250729405,35.544933042035076
0d41510c,Preset,random,93,A6,61.59151837925323,29.01039377538858,60.94482565206167,55.28051375802167,26.600974407579542,53.40668259206682,3.5871639486022175,51.156383427463325,58.356187337013836,57.06465494226671,55.39892418155119,47.00708314005661,42.957975250729405,35.544933042035076
426cb6cc,Preset,random,45,A2,32.798230936081076,71.27934661125144,26.231714543188843,34.182025886439256,51.076167352682965,21.874450802483295,57.12200462629072,38.90975683868828,59.057461338164345,29.812458650158447,28.345264514101324,54.4857196824746,12.662464226380933,47.02233242863505
426cb6cc,Preset,random,57,A3,31.074216735127358,67.04154678792182,28.036776951042995,39.724030250498224,51.050581264936866,16.261483551552995,56.827890702200264,38.90975683868828,59.057461338164345,29.812458650158447,28.345264514101324,54.4857196824746,12.662464226380933,47.02233242863505
426cb6cc,Preset,random,69,A4,38.905656908341186,59.068850911426374,29.768473682150045,26.552304215827945,53.93660224869855,18.35049962744842,45.98990433173371,38.90975683868828,59.057461338164345,29.812458650158447,28.345264514101324,54.4857196824746,12.662464226380933,47.02233242863505
426cb6cc,Preset,random,81,A5,47.04170807555228,33.02601507424462,50.78660963769289,22.549922771473458,35.385447200559895,30.044757147157185,19.268659699834632,38.90975683868828,59.057461338164345,29.812458650158447,28.345264514101324,54.4857196824746,12.662464226380933,47.02233242863505
426cb6cc,Preset,random,93,A6,55.458274290371754,19.33275001021824,64.30403006941864,30.97292035106695,29.93756544481723,40.93281795388016,21.126243576681123,38.90975683868828,59.057461338164345,29.812458650158447,28.345264514101324,54.4857196824746,12.662464226380933,47.02233242863505
9a98293c,Preset,random,45,A2,63.759309871376665,56.72177038855224,77.10191798934844,73.43789204545115,49.65719597014526,54.73476148379864,30.088393773978982,67.8702108493992,35.64202361652191,80.16040319592202,74.3399496229754,42.39516769212223,57.35850775772809,25.26281549269699
9a98293c,Preset,random,57,A3,66.64249880380625,55.367243793416954,80.7093936671933,75.097717114327,45.24733535958004,56.38376710602439,26.979096503100138,67.8702108493992,35.64202361652191,80.16040319592202,74.3399496229754,42.39516769212223,57.35850775772809,25.26281549269699
9a98293c,Preset,random,69,A4,71.35441870376319,42.162894280185256,79.18857347843863,78.06223925154694,32.92358177324101,60.150490199158774,20.22573292811234,67.8702108493992,35.64202361652191,80.16040319592202,74.3399496229754,42.39516769212223,57.35850775772809,25.26281549269699
9a98293c,Preset,random,81,A5,73.65038539651526,34.78767719791615,79.99201455310236,77.36330710822935,29.01588399133953,62.551790887000834,15.748936540440209,67.8702108493992,35.64202361652191,80.16040319592202,74.3399496229754,42.39516769212223,57.35850775772809,25.26281549269699
9a98293c,Preset,random,93,A6,77.0013537550766,26.482920999405174,80.73648512386771,82.53005526485472,19.824605757700404,66.66696800453408,-2.62206347367637,67.8702108493992,35.64202361652191,80.16040319592202,74.3399496229754,42.39516769212223,57.35850775772809,25.26281549269699
4a9ed036,Preset,random,45,A2,57.12044852091976,60.7530491784824,61.607998725380526,64.24946816326454,46.575430202402075,50.01011843735762,33.05885032490585,64.39233735118333,30.33778830119251,69.98539986439118,55.95466318468,27.203111932368042,56.608627979619754,-0.5097325823749514
4a9ed036,Preset,random,57,A3,58.7335249313293,50.28917888190638,64.24872023141592,60.65169468533165,44.06631244113042,51.55023297692217,26.988460805342623,64.39233735118333,30.33778830119251,69.98539986439118,55.95466318468,27.203111932368042,56.608627979619754,-0.5097325823749514
4a9ed036,Preset,random,69,A4,64.40921041035953,30.347462420862925,69.62946150287755,55.9003512827033,27.334046778198044,56.68460409058134,-1.1815643501785615,64.39233735118333,30.33778830119251,69.98539986439118,55.95466318468,27.203111932368042,56.608627979619754,-0.5097325823749514
4a9ed036,Preset,random,81,A5,69.55038649349112,17.82875970014078,67.16018258894891,47.88463041530824,21.102066399667986,63.12125590993941,5.607989716994808,64.39233735118333,30.33778830119251,69.98539986439118,55.95466318468,27.203111932368042,56.608627979619754,-0.5097325823749514
4a9ed036,Preset,random,93,A6,75.53077335079627,10.114868641352693,66.46575173372389,38.02636073946148,17.40789952792615,72.06630826179378,-17.38748736535787,64.39233735118333,30.33778830119251,69.98539986439118,55.95466318468,27.203111932368042,56.608627979619754,-0.5097325823749514
e73959aa,Preset,random,45,A2,46.849122427423794,53.298341763176126,50.086685381085914,52.59204561442569,58.68485719817417,31.003155673031014,37.49576260312291,61.24935569685978,33.22175253243817,65.92057095846272,63.86382668100417,43.717838322947095,44.04835232896461,17.703284560431925
e73959aa,Preset,random,57,A3,50.62849134652805,49.69564886617954,57.66570804020424,58.66195794999644,55.58214044320492,37.39164234896107,32.34878453628144,61.24935569685978,33.22175253243817,65.92057095846272,63.86382668100417,43.717838322947095,44.04835232896461,17.703284560431925
e73959aa,Preset,random,69,A4,59.4249860776509,28.68802849260586,57.550657853210566,62.39470542590028,44.768387870624984,42.781846809026064,16.876716967515275,61.24935569685978,33.22175253243817,65.92057095846272,63.86382668100417,43.717838322947095,44.04835232896461,17.703284560431925
e73959aa,Preset,random,81,A5,71.79370791716595,24.925863274235297,68.43195612714052,68.96872400665308,32.99551856274661,55.005190325841966,4.5369785939149345,61.24935569685978,33.22175253243817,65.92057095846272,63.86382668100417,43.717838322947095,44.04835232896461,17.703284560431925
e73959aa,Preset,random,93,A6,79.90643099393388,13.931939396524172,69.99460682598937,76.16091020721458,28.835342253049276,74.54860057329019,-8.187813499804548,61.24935569685978,33.22175253243817,65.92057095846272,63.86382668100417,43.717838322947095,44.04835232896461,17.703284560431925
2ee0c5ae,Preset,random,45,A2,61.141757544249465,25.657189192946085,53.553513205315994,46.935421175511046,37.68475792392534,48.8171137227169,6.427204382731809,76.34186475544001,10.946427718190847,60.18766339550919,50.43695182752396,21.39356217308511,69.20190732988056,2.1154196178173343
2ee0c5ae,Preset,random,57,A3,70.26954873591671,17.808365830634976,55.28396650670743,46.15324643010869,26.71331307445334,59.64055678377987,-3.2510463488280266,76.34186475544001,10.946427718190847,60.18766339550919,50.43695182752396,21.39356217308511,69.20190732988056,2.1154196178173343
2ee0c5ae,Preset,random,69,A4,75.32765566394735,12.728486401578905,60.6912824146317,49.24896516506565,21.373333386145223,68.64992172835338,3.6985186635374276,76.34186475544001,10.946427718190847,60.18766339550919,50.43695182752396,21.39356217308511,69.20190732988056,2.1154196178173343
2ee0c5ae,Preset,random,81,A5,81.67880148853139,7.865613855363073,56.29468891763304,53.01700394306132,24.10604594993969,83.70248493138934,-1.1103203688111627,76.34186475544001,10.946427718190847,60.18766339550919,50.43695182752396,21.39356217308511,69.20190732988056,2.1154196178173343
2ee0c5ae,Preset,random,93,A6,87.13141604762902,1.141182874032026,58.487136619925224,56.07818646891982,23.803165266832,96.2664500633935,-12.955564865581195,76.34186475544001,10.946427718190847,60.18766339550919,50.43695182752396,21.39356217308511,69.20190732988056,2.1154196178173343
f108bbb3,Preset,random,45,A2,22.821831256268837,71.03792967541388,20.25090435468232,42.435865807003026,57.16553528243114,34.54580829158692,52.68109695332877,37.70208886775539,57.892249722488344,41.67289730406593,50.87670843746077,59.973755274155714,31.994947330553845,39.88266657577843
f108bbb3,Preset,random,57,A3,28.94200411932489,71.01113176180485,25.89882479064613,49.79463213453699,64.69912737177077,25.698266377665064,50.47452715634549,37.70208886775539,57.892249722488344,41.67289730406593,50.87670843746077,59.973755274155714,31.994947330553845,39.88266657577843
f108bbb3,Preset,random,69,A4,37.55241856937266,58.081067320434045,40.91054206188592,50.70942026526185,61.49883199793554,30.124242344475377,40.06838526619625,37.70208886775539,57.892249722488344,41.67289730406593,50.87670843746077,59.973755274155714,31.994947330553845,39.88266657577843
f108bbb3,Preset,random,81,A5,44.675402797641695,59.12473023533973,46.324366776460664,53.63608299473976,61.31960007678862,31.195542567062162,38.213831358531316,37.70208886775539,57.892249722488344,41.67289730406593,50.87670843746077,59.973755274155714,31.994947330553845,39.88266657577843
f108bbb3,Preset,random,93,A6,49.85713116408297,64.60456331833049,53.918768511761584,56.48247273109318,62.63232723429094,34.9443691497923,38.12422282449993,37.70208886775539,57.892249722488344,41.67289730406593,50.87670843746077,59.973755274155714,31.994947330553845,39.88266657577843
dd7a9cb6,Preset,random,45,A2,35.41647671028811,67.84231617289738,20.388762876492677,37.932374094767965,62.375741908383816,28.81750889946727,48.47808696401485,53.68139350396442,45.44806527768412,25.60567445089508,34.55860112035645,53.20319780189508,38.15980518944748,29.742847664443353
dd7a9cb6,Preset,random,57,A3,48.17784122748954,62.01729650725535,31.28326539734175,27.418590169075106,63.50265338267947,33.231369410433096,41.77798617162879,53.68139350396442,45.44806527768412,25.60567445089508,34.55860112035645,53.20319780189508,38.15980518944748,29.742847664443353
dd7a9cb6,Preset,random,69,A4,53.65536251145012,45.51537677291747,25.11569671465999,30.739499754886122,53.109860847364644,38.07970605504339,30.1016412931466,53.68139350396442,45.44806527768412,25.60567445089508,34.55860112035645,53.20319780189508,38.15980518944748,29.742847664443353
dd7a9cb6,Preset,random,81,A5,54.33320820980459,28.870495022958877,38.2565200213937,43.56387633058933,39.476754395298116,44.3687805333631,3.8246529281086623,53.68139350396442,45.44806527768412,25.60567445089508,34.55860112035645,53.20319780189508,38.15980518944748,29.742847664443353
dd7a9cb6,Preset,random,93,A6,63.17859727660185,18.60639214914349,42.13072078652658,43.770506880028826,28.11923333113451,46.83459177256732,9.438178000051145,53.68139350396442,45.44806527768412,25.60567445089508,34.55860112035645,53.20319780189508,38.15980518944748,29.742847664443353
da3ad80b,Preset,random,45,A2,29.08423611775915,59.051528252149076,19.356042027368275,0.0,62.924439348471466,26.831214457789756,46.55933863234293,56.65243478875125,21.123099531102895,31.598950509812468,0.0,35.83047106962272,46.726395568664984,-6.807858043473857
da3ad80b,Preset,random,57,A3,46.958563564269014,39.645035110254085,25.84227113374739,0.0,47.583729779068065,33.91004964459644,12.342892930548246,56.65243478875125,21.123099531102895,31.598950509812468,0.0,35.83047106962272,46.726395568664984,-6.807858043473857
da3ad80b,Preset,random,69,A4,56.50824829303661,19.191302135131984,31.238281716880806,0.0,35.07039318572183,46.30768461270873,-4.216299957155151,56.65243478875125,21.123099531102895,31.598950509812468,0.0,35.83047106962272,46.726395568664984,-6.807858043473857
da3ad80b,Preset,random,81,A5,65.21621833939184,13.472632238990222,38.68608272624678,0.0,26.303934837647294,62.7713559727559,-6.760073450708411,56.65243478875125,21.123099531102895,31.598950509812468,0.0,35.83047106962272,46.726395568664984,-6.807858043473857
da3ad80b,Preset,random,93,A6,76.376651739784,6.574391340934419,32.78328688440699,0.0,18.507108695920397,74.25381032790463,-22.40283078138362,56.65243478875125,21.123099531102895,31.598950509812468,0.0,35.83047106962272,46.726395568664984,-6.807858043473857
126f4b32,Preset,random,45,A2,48.710479717911355,36.33643032134822,48.28560777256345,32.486816991009405,40.919095107994465,37.840248691821174,23.447504877240743,76.90556435696823,28.074194179767012,46.74621020077123,27.223499234079284,25.100265276749113,63.68213818955712,15.71158110182665
126f4b32,Preset,random,57,A3,64.73260894010818,30.06984754275348,52.16091308415568,34.022019333740175,31.396167581126868,44.87775104279967,32.78143104390331,76.90556435696823,28.074194179767012,46.74621020077123,27.223499234079284,25.100265276749113,63.68213818955712,15.71158110182665
126f4b32,Preset,random,69,A4,76.85542694142482,28.02985306982785,42.618287558654345,26.36041583584199,23.33074420202751,63.751333652797925,16.153675631024612,76.90556435696823,28.074194179767012,46.74621020077123,27.223499234079284,25.100265276749113,63.68213818955712,15.71158110182665
126f4b32,Preset,random,81,A5,83.09407051961998,21.032804264552205,48.88538816676859,0.0,25.082563063643434,89.1841174734943,-30.35313113354472,76.90556435696823,28.074194179767012,46.74621020077123,27.223499234079284,25.100265276749113,63.68213818955712,15.71158110182665
126f4b32,Preset,random,93,A6,88.12939261751045,12.47836232955028,72.10094333921313,30.21273902903584,33.856374566683726,83.26009131071596,9.09895541950209,76.90556435696823,28.074194179767012,46.74621020077123,27.223499234079284,25.100265276749113,63.68213818955712,15.71158110182665
cd482d3f,Preset,random,45,A2,39.49943991125383,64.68148439417908,41.12175019607446,39.14298697449378,64.27142729601918,26.758382713984197,38.74610902334751,47.86743479305089,55.113075913101405,50.45747643727853,49.81804351913006,60.68862928708853,24.35054832409721,37.172014323039946
cd482d3f,Preset,random,57,A3,44.26391808184005,61.71860565926353,49.97849760347785,42.7008587938332,58.20465611744433,24.692620321753246,35.15352870479054,47.86743479305089,55.113075913101405,50.45747643727853,49.81804351913006,60.68862928708853,24.35054832409721,37.172014323039946
cd482d3f,Preset,random,69,A4,46.79457554432404,59.03636762757965,51.13187249416683,50.34260926988568,62.78568801233714,24.166047019874092,38.095705031481316,47.86743479305089,55.113075913101405,50.45747643727853,49.81804351913006,60.68862928708853,24.35054832409721,37.172014323039946
cd482d3f,Preset,random,81,A5,52.028305844890625,50.26501050691898,46.69808728417874,47.511471578158464,55.00077700851908,29.84854677363211,32.92441479482095,47.86743479305089,55.113075913101405,50.45747643727853,49.81804351913006,60.68862928708853,24.35054832409721,37.172014323039946
cd482d3f,Preset,random,93,A6,51.0929264964515,30.540511322173757,43.701449112204585,31.60334687970826,49.26752295339879,33.67285575690537,28.87053254685893,47.86743479305089,55.113075913101405,50.45747643727853,49.81804351913006,60.68862928708853,24.35054832409721,37.172014323039946
d9e71395,Preset,random,45,A2,32.79627941071873,66.54161389228203,32.58913000619904,49.90337627211531,55.63453554445619,33.691221117577115,51.00328402318836,32.341263445154915,54.90931155750924,33.03601569249571,23.629212816860868,56.91731433158307,26.983378154377693,43.761561686437815
d9e71395,Preset,random,57,A3,23.004286143398524,66.39688783075118,18.92957205128286,36.4949752095896,54.765442585163726,24.14868438352041,55.4644536401225,32.341263445154915,54.90931155750924,33.03601569249571,23.629212816860868,56.91731433158307,26.983378154377693,43.761561686437815
d9e71395,Preset,random,69,A4,38.98669681018282,68.69910343600566,56.63622072825669,0.0,57.9332303954293,44.28001161872449,39.33183159395736,32.341263445154915,54.90931155750924,33.03601569249571,23.629212816860868,56.91731433158307,26.983378154377693,43.761561686437815
d9e71395,Preset,random,81,A5,45.29508194461509,54.847647740295415,52.16515215999027,0.0,53.29003199883409,45.81341455768259,31.6709434641156,32.341263445154915,54.90931155750924,33.03601569249571,23.629212816860868,56.91731433158307,26.983378154377693,43.761561686437815
d9e71395,Preset,random,93,A6,46.36796901852207,68.2978934330727,58.03082439871446,0.0,60.01327715834733,48.028594208641955,36.24954196078057,32.341263445154915,54.90931155750924,33.03601569249571,23.629212816860868,56.91731433158307,26.983378154377693,43.761561686437815
77800c8b,Preset,random,45,A2,43.36792303534561,68.29722276386761,45.67605996625667,47.73623767466955,61.511134552282826,32.19593944161635,44.23890786651279,48.733752743954945,38.34299857674323,35.82596194456934,45.82892664045346,49.30080788143759,32.3074983271624,24.361670916840215
77800c8b,Preset,random,57,A3,44.59603864772485,61.34847912149738,43.07263895484678,46.698917483867696,63.62630338372733,32.706734693473294,40.67115788096335,48.733752743954945,38.34299857674323,35.82596194456934,45.82892664045346,49.30080788143759,32.3074983271624,24.361670916840215
77800c8b,Preset,random,69,A4,48.202572854147625,37.80995491733768,38.13421599482038,45.37524965873639,50.5020503551626,29.28495266973127,27.166744369941473,48.733752743954945,38.34299857674323,35.82596194456934,45.82892664045346,49.30080788143759,32.3074983271624,24.361670916840215
77800c8b,Preset,random,81,A5,54.760801658133595,24.59134211089922,56.48045387514543,34.424769717383754,42.61562826370616,41.56351111185619,12.927326087110258,48.733752743954945,38.34299857674323,35.82596194456934,45.82892664045346,49.30080788143759,32.3074983271624,24.361670916840215
77800c8b,Preset,random,93,A6,67.82117687321444,16.550815325233124,44.30743421737708,0.0,32.81723607861334,51.70882637924359,-5.324698112325741,48.733752743954945,38.34299857674323,35.82596194456934,45.82892664045346,49.30080788143759,32.3074983271624,24.361670916840215
fd818781,Preset,random,45,A2,37.12265682090155,67.370049526978,38.761473430766614,33.85801037814518,63.644954882657785,48.06791422502918,41.66557501951472,36.05418629987109,68.92720485877042,43.49162432785175,30.675424799098803,64.30317341981771,45.37719961679318,44.908226324662195
fd818781,Preset,random,57,A3,34.045156922870504,72.74922053789403,35.85218886369246,37.34712178116981,64.88278671218197,43.99376732090793,46.69243699256384,36.05418629987109,68.92720485877042,43.49162432785175,30.675424799098803,64.30317341981771,45.37719961679318,44.908226324662195
fd818781,Preset,random,69,A4,37.14574381524594,72.54838986533086,47.18142928462231,27.731789920470213,63.60439359289904,47.07804133856912,42.25973219579116,36.05418629987109,68.92720485877042,43.49162432785175,30.675424799098803,64.30317341981771,45.37719961679318,44.908226324662195
fd818781,Preset,random,81,A5,35.843080760772246,67.442530098704,40.69957587397633,34.50030014169289,66.11171185160386,42.69210516786097,45.231320617715426,36.05418629987109,68.92720485877042,43.49162432785175,30.675424799098803,64.30317341981771,45.37719961679318,44.908226324662195
fd818781,Preset,random,93,A6,32.844166187300395,68.91269934636296,42.94177536818654,40.94310161438723,63.246614656158705,41.38889858919647,48.13665418202676,36.05418629987109,68.92720485877042,43.49162432785175,30.675424799098803,64.30317341981771,45.37719961679318,44.908226324662195
2966ee31,Preset,random,45,A2,34.055984774472364,70.23889132456613,29.39308295572792,25.723319961846787,64.6669757938564,21.14773915546359,55.4838134571451,42.027899991311294,41.742761432117156,32.30459052820666,24.043101149678858,57.23324832170638,25.980266650091032,25.79020610440696
2966ee31,Preset,random,57,A3,27.42314277009485,64.49899237010094,18.976433576751035,33.33977130721907,65.14994086821542,4.908594124651202,52.82499438090929,42.027899991311294,41.742761432117156,32.30459052820666,24.043101149678858,57.23324832170638,25.980266650091032,25.79020610440696
2966ee31,Preset,random,69,A4,33.815351555095205,44.78584471012418,25.731584275392166,31.835659157107315,58.04610041104051,20.07339789295302,23.12903671302938,42.027899991311294,41.742761432117156,32.30459052820666,24.043101149678858,57.23324832170638,25.980266650091032,25.79020610440696
2966ee31,Preset,random,81,A5,45.98763113926235,20.412544592472216,39.78281631784978,42.91685535604883,49.16019650607192,31.55018350489223,20.561539997158313,42.027899991311294,41.742761432117156,32.30459052820666,24.043101149678858,57.23324832170638,25.980266650091032,25.79020610440696
2966ee31,Preset,random,93,A6,50.85874213555272,58.02117900142722,48.53604621818033,44.4091782818107,55.958840517729215,30.024327592197615,44.07816709651792,42.027899991311294,41.742761432117156,32.30459052820666,24.043101149678858,57.23324832170638,25.980266650091032,25.79020610440696
c6e51acd,Preset,random,45,A2,60.54050112980062,28.767604623395535,73.86689120405634,39.14767335482979,23.873003659119725,54.80818561368615,15.030003379105565,72.57011359194115,8.683957444983733,81.31281128680746,40.831128855720664,15.328993317617535,70.63494316888551,0.27141711645681
c6e51acd,Preset,random,57,A3,67.17932020418706,16.83442029592468,78.63149157966839,35.9603299290639,18.574031933668426,62.31116545414743,17.049333306147943,72.57011359194115,8.683957444983733,81.31281128680746,40.831128855720664,15.328993317617535,70.63494316888551,0.27141711645681
c6e51acd,Preset,random,69,A4,72.8944108107686,8.702606740211621,81.27938500873745,40.43787048218356,15.488602377443396,70.68409633002827,0.21422841106331347,72.57011359194115,8.683957444983733,81.31281128680746,40.831128855720664,15.328993317617535,70.63494316888551,0.27141711645681
c6e51acd,Preset,random,81,A5,79.79728628030091,2.7688631094812166,70.54899129993487,42.413387891088405,12.576035192057688,80.37923427222181,-6.261812482296236,72.57011359194115,8.683957444983733,81.31281128680746,40.831128855720664,15.328993317617535,70.63494316888551,0.27141711645681
c6e51acd,Preset,random,93,A6,84.97384052496614,-1.402756911421946,76.03048493836422,46.54299767840179,27.30129101633236,98.18229587213513,9.59766276008084,72.57011359194115,8.683957444983733,81.31281128680746,40.831128855720664,15.328993317617535,70.63494316888551,0.27141711645681
cca5c764,Preset,random,45,A2,35.185816338561395,64.23694624676364,29.750720232923484,44.6879775368948,68.71797714490741,23.313405902032954,33.031640450309226,45.380372835626545,70.44313387292007,38.83200762289742,39.654399370917176,62.60496354338443,33.71958493439033,46.76582653323018
cca5c764,Preset,random,57,A3,43.54877404074632,61.52931236364098,41.627436684961424,51.177002059106485,60.373820491096474,33.543678628993156,31.804374067089178,45.380372835626545,70.44313387292007,38.83200762289742,39.654399370917176,62.60496354338443,33.71958493439033,46.76582653323018
cca5c764,Preset,random,69,A4,47.41916840247153,62.43598051527963,49.78131867251125,50.223727150182015,61.87575655573971,30.056249578881136,40.74858738198022,45.380372835626545,70.44313387292007,38.83200762289742,39.654399370917176,62.60496354338443,33.71958493439033,46.76582653323018
cca5c764,Preset,random,81,A5,41.113420717473794,64.43184057286257,33.34509871532164,32.302326344695615,65.81444475310377,18.851895517972785,50.814258732092384,45.380372835626545,70.44313387292007,38.83200762289742,39.654399370917176,62.60496354338443,33.71958493439033,46.76582653323018
cca5c764,Preset,random,93,A6,39.852063492265344,52.34194627269527,30.575532558831014,34.68275963190362,59.697088610709415,26.89926036158464,43.64184428260734,45.380372835626545,70.44313387292007,38.83200762289742,39.654399370917176,62.60496354338443,33.71958493439033,46.76582653323018
583bcda9,Preset,random,45,A2,58.22169789339609,70.96345568468003,66.48190553913301,67.25155986188693,53.74017516841252,51.82153829293917,37.72829440188613,63.45454215846008,48.95922567320805,74.34090326026751,64.5379041168149,33.04065331413232,54.68177396134821,17.9000194629091
583bcda9,Preset,random,57,A3,59.72292005769378,64.3166780906623,72.38032975141755,66.1197062316881,45.67514666489352,52.505111229168705,32.76906677184019,63.45454215846008,48.95922567320805,74.34090326026751,64.5379041168149,33.04065331413232,54.68177396134821,17.9000194629091
583bcda9,Preset,random,69,A4,62.15125762121872,50.23947711289845,73.772746787921,63.9271998938386,37.35995226308104,53.67141089533297,20.33997436597872,63.45454215846008,48.95922567320805,74.34090326026751,64.5379041168149,33.04065331413232,54.68177396134821,17.9000194629091
583bcda9,Preset,random,81,A5,63.93556324729851,45.44096802319619,61.017186061739324,57.440135673432906,33.865563854987855,55.93470523195123,26.53778897287631,63.45454215846008,48.95922567320805,74.34090326026751,64.5379041168149,33.04065331413232,54.68177396134821,17.9000194629091
583bcda9,Preset,random,93,A6,74.37740022102616,27.06577129607402,69.37250834162893,64.97187172168117,19.85785971223612,67.09783750790031,7.0200455964231345,63.45454215846008,48.95922567320805,74.34090326026751,64.5379041168149,33.04065331413232,54.68177396134821,17.9000194629091
e90859e6,Preset,random,45,A2,55.305364380836366,63.30147233979393,53.95688033927968,61.24056426807022,55.91072112362723,44.066782047026464,36.898237354912524,61.12128034027906,56.34984094043146,67.94025022431825,65.45027823698297,45.67016382362908,52.640300344548415,26.804743019939696
e90859e6,Preset,random,57,A3,57.31963821692597,62.74078445344921,60.441042445840935,61.73643739492178,53.245423102612975,48.16423333867766,34.48756023443377,61.12128034027906,56.34984094043146,67.94025022431825,65.45027823698297,45.67016382362908,52.640300344548415,26.804743019939696
e90859e6,Preset,random,69,A4,61.09945500541994,57.53181578788678,67.86477799441548,65.754217926003,45.61074846069918,52.710688985386625,26.801312517977554,61.12128034027906,56.34984094043146,67.94025022431825,65.45027823698297,45.67016382362908,52.640300344548415,26.804743019939696
e90859e6,Preset,random,81,A5,66.54236806805486,41.56748138634032,66.81623208228348,69.87988227510712,34.5380695425991,57.47692384777929,21.397035596244535,61.12128034027906,56.34984094043146,67.94025022431825,65.45027823698297,45.67016382362908,52.640300344548415,26.804743019939696
e90859e6,Preset,random,93,A6,71.8055826830429,31.736319732889605,73.12034835050602,72.1097757996807,25.641420234167096,62.31261888787971,16.424237991404794,61.12128034027906,56.34984094043146,67.94025022431825,65.45027823698297,45.67016382362908,52.640300344548415,26.804743019939696
a6922d87,Preset,random,45,A2,81.27529731200741,58.81940505020883,68.27478381773415,72.36398503216583,29.062071859353228,66.0713074292037,29.595036009036622,71.85453584093652,36.12728771672542,68.89376549958314,72.54116630175376,26.203069449868803,60.92185582693437,21.50461072816201
a6922d87,Preset,random,57,A3,66.3998961448402,57.715088978043916,65.63951440422909,67.64800999571648,40.64796580691754,58.31032092257254,35.406924967794126,71.85453584093652,36.12728771672542,68.89376549958314,72.54116630175376,26.203069449868803,60.92185582693437,21.50461072816201
a6922d87,Preset,random,69,A4,71.14146584321355,33.99460321972077,66.36807657209818,70.01906589454225,24.83852152944956,62.25785783144656,15.586450653857945,71.85453584093652,36.12728771672542,68.89376549958314,72.54116630175376,26.203069449868803,60.92185582693437,21.50461072816201
a6922d87,Preset,random,81,A5,81.86134583204272,38.078212850427775,71.26129155331222,78.5520556281324,18.604983491392424,69.21467512262312,15.555444291300676,71.85453584093652,36.12728771672542,68.89376549958314,72.54116630175376,26.203069449868803,60.92185582693437,21.50461072816201
a6922d87,Preset,random,93,A6,80.63059829845326,30.621976347528232,73.61242603099942,78.03836671570603,18.25259978321968,68.94547504201378,17.237197657714134,71.85453584093652,36.12728771672542,68.89376549958314,72.54116630175376,26.203069449868803,60.92185582693437,21.50461072816201
675a9280,Preset,random,45,A2,52.84457398395503,61.61101087130997,49.98808883958108,57.93280407541391,57.322577755002804,45.755063270169735,35.19600546370432,61.90752560071728,26.98032033785575,66.77566048400448,61.830457578405316,36.56087274900514,53.46794350320198,3.3549018109581645
675a9280,Preset,random,57,A3,55.01341973977373,51.62436887501368,56.03387619664397,57.53139720629414,54.07428139883434,47.65246096351261,28.34937547262216,61.90752560071728,26.98032033785575,66.77566048400448,61.830457578405316,36.56087274900514,53.46794350320198,3.3549018109581645
675a9280,Preset,random,69,A4,61.47050424013713,29.869335747882396,65.61738646825796,61.1316164657618,36.43528730563665,53.19849555508753,4.182132710535548,61.90752560071728,26.98032033785575,66.77566048400448,61.830457578405316,36.56087274900514,53.46794350320198,3.3549018109581645
675a9280,Preset,random,81,A5,67.91809147996857,17.92881070460365,69.31710930637968,60.691090674521256,29.157872318810124,60.99922119202444,4.864900679413616,61.90752560071728,26.98032033785575,66.77566048400448,61.830457578405316,36.56087274900514,53.46794350320198,3.3549018109581645
675a9280,Preset,random,93,A6,73.0832235175193,10.101460948958085,71.40532693062531,61.74814406249608,20.368413813446995,68.53721889915101,-14.012886656070293,61.90752560071728,26.98032033785575,66.77566048400448,61.830457578405316,36.56087274900514,53.46794350320198,3.3549018109581645
dbeeccac,Preset,random,45,A2,27.239327799878712,65.41535368260821,32.928303165079484,41.1671387612496,66.40022347358763,27.8596393124718,49.14299912692421,42.73566257913794,32.38044357716895,42.64279830810446,0.0,47.203742188521645,27.97823255144503,18.14992556617235
dbeeccac,Preset,random,57,A3,33.6638687816969,57.921045206382416,34.67581601738701,29.505763562937926,66.4530532784116,22.943145675228635,42.6829298016485,42.73566257913794,32.38044357716895,42.64279830810446,0.0,47.203742188521645,27.97823255144503,18.14992556617235
dbeeccac,Preset,random,69,A4,42.89465663451128,33.27903401956244,43.75654341323005,23.92368276703185,48.17192679624239,24.319115931108257,20.632068135616933,42.73566257913794,32.38044357716895,42.64279830810446,0.0,47.203742188521645,27.97823255144503,18.14992556617235
dbeeccac,Preset,random,81,A5,54.05935463651313,19.598908247527554,53.37863894609967,22.195158828684153,40.160126579656534,39.60267515305226,21.70198188175388,42.73566257913794,32.38044357716895,42.64279830810446,0.0,47.203742188521645,27.97823255144503,18.14992556617235
dbeeccac,Preset,random,93,A6,67.99107236775401,11.610556396501046,58.99236448108712,34.626635349102344,33.84059164265482,50.58389578913999,17.857812430960127,42.73566257913794,32.38044357716895,42.64279830810446,0.0,47.203742188521645,27.97823255144503,18.14992556617235
067ccf71,Preset,random,45,A2,55.03158495506804,60.88177348244692,60.99109428919189,57.76775036742144,52.26391585782816,49.65705716250897,32.926246966167085,68.54850402718304,38.13472727262938,71.3070939674823,70.03072749934371,36.329522859957706,58.95474652485005,21.550809794710453
067ccf71,Preset,random,57,A3,61.259096875549965,51.330089571156265,67.5738592724557,63.95431305190079,46.73454489007094,53.4620193720376,30.038858323265668,68.54850402718304,38.13472727262938,71.3070939674823,70.03072749934371,36.329522859957706,58.95474652485005,21.550809794710453
067ccf71,Preset,random,69,A4,69.3460961555379,38.00640678719316,70.24296106415446,70.43639575246715,35.20304558569208,59.332170288869435,21.01395507634099,68.54850402718304,38.13472727262938,71.3070939674823,70.03072749934371,36.329522859957706,58.95474652485005,21.550809794710453
067ccf71,Preset,random,81,A5,76.15891329193289,23.85963215514211,75.56134823374174,72.89139222286683,20.54859480083568,65.58510568331685,-2.040054308579627,68.54850402718304,38.13472727262938,71.3070939674823,70.03072749934371,36.329522859957706,58.95474652485005,21.550809794710453
067ccf71,Preset,random,93,A6,83.6190627344335,17.396802181580938,74.1493653111799,73.96234716896103,16.79048093428135,77.84463748602033,-8.534044187366774,68.54850402718304,38.13472727262938,71.3070939674823,70.03072749934371,36.329522859957706,58.95474652485005,21.550809794710453
bfeb5334,Preset,random,45,A2,10.383532754709265,74.3324317974598,16.33108046859782,36.26827713243662,58.5825767614987,33.63527888079715,54.49373316517212,17.633721417041187,74.97162394961904,30.422957624492483,22.74818726315809,61.01032033388478,49.02243634532576,40.64490117295486
bfeb5334,Preset,random,57,A3,19.865670809651057,77.67797448748631,37.1223668709962,40.61931275829897,64.0460293856035,43.56728566604257,46.38228850887363,17.633721417041187,74.97162394961904,30.422957624492483,22.74818726315809,61.01032033388478,49.02243634532576,40.64490117295486
bfeb5334,Preset,random,69,A4,17.320519742101673,74.6995918437133,30.167006858454357,0.0,60.705453247176905,48.58036219657441,40.59503345971265,17.633721417041187,74.97162394961904,30.422957624492483,22.74818726315809,61.01032033388478,49.02243634532576,40.64490117295486
bfeb5334,Preset,random,81,A5,29.147579548959772,77.53459631539909,42.182871495936894,34.28584715843898,59.26035616226919,45.693689349399186,44.474177046822824,17.633721417041187,74.97162394961904,30.422957624492483,22.74818726315809,61.01032033388478,49.02243634532576,40.64490117295486
bfeb5334,Preset,random,93,A6,29.434340190211227,77.23494984532722,49.155888158390354,35.45670785272837,59.77682718765207,49.72568071599568,38.3514536428891,17.633721417041187,74.97162394961904,30.422957624492483,22.74818726315809,61.01032033388478,49.02243634532576,40.64490117295486
d1788631,Preset,random,45,A2,8.726333301897988,70.18684046100267,25.214433084671242,40.81555319188004,58.76754296352562,31.149833752786183,54.61017462100837,18.55826945285191,68.99613128438045,27.83577827069425,41.41750409872443,67.89685864605495,11.861018940826064,56.55129661674769
d1788631,Preset,random,57,A3,14.710128105788172,70.26848196430983,29.42595143299819,40.204266591015255,68.89710913929336,8.348145614023146,56.83878578475462,18.55826945285191,68.99613128438045,27.83577827069425,41.41750409872443,67.89685864605495,11.861018940826064,56.55129661674769
d1788631,Preset,random,69,A4,18.234468076814956,68.81729500479624,23.25074057499893,43.77285962366716,65.8385828686102,25.478611220781552,53.22006189713851,18.55826945285191,68.99613128438045,27.83577827069425,41.41750409872443,67.89685864605495,11.861018940826064,56.55129661674769
d1788631,Preset,random,81,A5,27.772608595737626,72.53917149588608,32.66437273966875,44.33980660286059,67.8836470282083,20.233726403537155,53.8673226298347,18.55826945285191,68.99613128438045,27.83577827069425,41.41750409872443,67.89685864605495,11.861018940826064,56.55129661674769
d1788631,Preset,random,93,A6,29.957670898827633,61.1679428820336,32.39959395674239,47.86336939566651,70.83494967957836,23.427857955734027,48.01619655386922,18.55826945285191,68.99613128438045,27.83577827069425,41.41750409872443,67.89685864605495,11.861018940826064,56.55129661674769
3c9ff428,Preset,random,45,A2,45.1219345916775,47.52810781912365,39.98760988061126,54.51532361065718,64.16290963581244,29.61208945893626,38.4804711123066,51.94837507081139,44.0912602455869,50.44270811011506,56.14228455567179,47.41252662487118,38.0625833571426,15.111144064654239
3c9ff428,Preset,random,57,A3,45.940391625277854,50.944162426906544,44.848988415412975,56.507154906653746,66.13767644577445,31.39631367854239,34.21891513052732,51.94837507081139,44.0912602455869,50.44270811011506,56.14228455567179,47.41252662487118,38.0625833571426,15.111144064654239
3c9ff428,Preset,random,69,A4,52.06418774764613,44.82335364923544,51.35687599741368,56.47884182704666,48.17648726301578,38.74054956927595,13.101563309665721,51.94837507081139,44.0912602455869,50.44270811011506,56.14228455567179,47.41252662487118,38.0625833571426,15.111144064654239
3c9ff428,Preset,random,81,A5,64.73702130934092,30.62266780700577,63.70460835263128,58.37800645848229,28.872256229365902,57.481356807695995,17.748713361374723,51.94837507081139,44.0912602455869,50.44270811011506,56.14228455567179,47.41252662487118,38.0625833571426,15.111144064654239
3c9ff428,Preset,random,93,A6,72.64208193497569,10.740188680087911,69.88448620205358,59.06612536291893,20.30823696994806,69.77124319314777,-3.56403804854871,51.94837507081139,44.0912602455869,50.44270811011506,56.14228455567179,47.41252662487118,38.0625833571426,15.111144064654239
5d33bc11,Preset,random,45,A2,53.8104625864448,56.46913532188299,51.44290302430181,59.29356752811203,59.7103606464329,45.414737329099275,37.75167647796451,59.35063122329739,59.11475840991417,66.06708272168729,69.2889940068823,50.10606497065048,50.66121190444029,33.69591074068694
5d33bc11,Preset,random,57,A3,55.42324446399567,60.05161160412113,63.569044121897065,61.87057013953779,55.84779670844505,47.46397710153715,36.31946565677245,59.35063122329739,59.11475840991417,66.06708272168729,69.2889940068823,50.10606497065048,50.66121190444029,33.69591074068694
5d33bc11,Preset,random,69,A4,59.33576223598331,58.075208315140905,65.78654982245803,69.24910615543641,50.38806640373708,50.60269029126907,33.7057212050338,59.35063122329739,59.11475840991417,66.06708272168729,69.2889940068823,50.10606497065048,50.66121190444029,33.69591074068694
5d33bc11,Preset,random,81,A5,63.59330639096727,36.32633726288704,65.53499159026444,65.77266911462397,40.26010960551217,55.61539507944593,27.292765465663855,59.35063122329739,59.11475840991417,66.06708272168729,69.2889940068823,50.10606497065048,50.66121190444029,33.69591074068694
5d33bc11,Preset,random,93,A6,70.57623087196794,27.94209149530736,70.63611937462247,62.312732966864765,25.95460301115172,62.70046475739122,-6.279073165124657,59.35063122329739,59.11475840991417,66.06708272168729,69.2889940068823,50.10606497065048,50.66121190444029,33.69591074068694
d195a24b,Preset,random,45,A2,53.0257139132297,66.62268410673938,65.16242997579135,61.324555474309975,50.23593891155974,44.6999395661821,37.07476190172358,56.44641130969063,48.63978458179625,66.24814132007407,55.20627877719308,41.476868507797604,46.94053388257794,27.53323312852621
d195a24b,Preset,random,57,A3,53.64788462139764,61.8940544063433,63.48374083937807,59.6889204571763,46.56243900758512,45.07225486231291,35.26013166648565,56.44641130969063,48.63978458179625,66.24814132007407,55.20627877719308,41.476868507797604,46.94053388257794,27.53323312852621
d195a24b,Preset,random,69,A4,56.440499736017095,48.66819601459066,65.9310861674258,55.34525273837385,41.51103306577174,46.92733897471206,27.56583948412875,56.44641130969063,48.63978458179625,66.24814132007407,55.20627877719308,41.476868507797604,46.94053388257794,27.53323312852621
d195a24b,Preset,random,81,A5,61.809927379382216,29.584626339517158,69.51250037984926,47.817785282223554,26.460570443204013,52.20350091747143,4.213327516357076,56.44641130969063,48.63978458179625,66.24814132007407,55.20627877719308,41.476868507797604,46.94053388257794,27.53323312852621
d195a24b,Preset,random,93,A6,67.24864773849535,19.128946995257856,73.01340576364109,39.61150321647682,21.872641058874393,59.38811721191723,6.037216453821156,56.44641130969063,48.63978458179625,66.24814132007407,55.20627877719308,41.476868507797604,46.94053388257794,27.53323312852621
3cd83015,Preset,random,45,A2,50.04350798940189,63.041664940137615,47.08697281805587,50.14735624362725,59.309818301989765,31.316137340857512,34.535394077235516,60.1723839410359,32.00549798639783,52.17153358519428,47.08530094770072,43.01578253337054,41.098260088409674,27.253223102250477
3cd83015,Preset,random,57,A3,55.129146642097815,43.71447160047465,48.713771871083395,49.62200144604781,46.058205313984885,35.48152931440168,23.45520719474705,60.1723839410359,32.00549798639783,52.17153358519428,47.08530094770072,43.01578253337054,41.098260088409674,27.253223102250477
3cd83015,Preset,random,69,A4,59.77595508525393,33.7087010548423,52.03446756853552,50.57591923989017,44.60612823012962,39.451734088807555,29.48658977413259,60.1723839410359,32.00549798639783,52.17153358519428,47.08530094770072,43.01578253337054,41.098260088409674,27.253223102250477
3cd83015,Preset,random,81,A5,66.8776201339032,26.199967709053134,51.64869603981603,49.86110402190236,34.17371439920817,46.89187716432461,-0.04650378396081223,60.1723839410359,32.00549798639783,52.17153358519428,47.08530094770072,43.01578253337054,41.098260088409674,27.253223102250477
3cd83015,Preset,random,93,A6,76.49415984552351,20.143561157807483,51.97142075744992,46.00017486403434,23.005380146156465,62.88703261664281,5.553943724875069,60.1723839410359,32.00549798639783,52.17153358519428,47.08530094770072,43.01578253337054,41.098260088409674,27.253223102250477
02a34544,Preset,random,45,A2,18.65070283206942,74.60852349426766,31.7849337705932,39.78227824878904,70.25673720829795,22.802824550928275,50.2746876843309,16.50551573218749,68.88545514200129,20.32523237131683,42.414654877409674,66.00313811050057,18.46577560721512,55.19954618908248
02a34544,Preset,random,57,A3,16.917954206702746,73.24608366931174,23.803313628717817,42.30138484061882,65.30899337618203,26.045028074047536,49.729172680454795,16.50551573218749,68.88545514200129,20.32523237131683,42.414654877409674,66.00313811050057,18.46577560721512,55.19954618908248
02a34544,Preset,random,69,A4,16.20509744855822,68.83113847873386,17.408782684721174,44.02271833988313,66.4510822288064,14.252049911494481,57.5995805902175,16.50551573218749,68.88545514200129,20.32523237131683,42.414654877409674,66.00313811050057,18.46577560721512,55.19954618908248
02a34544,Preset,random,81,A5,19.893701785520598,63.19693960159807,18.452686536735058,42.707564452515484,68.81720200237828,16.254855551101716,51.85480803580607,16.50551573218749,68.88545514200129,20.32523237131683,42.414654877409674,66.00313811050057,18.46577560721512,55.19954618908248
02a34544,Preset,random,93,A6,32.45202152688064,69.59097057572677,37.3280419164938,38.59196409126607,67.47422239030513,32.36528051487537,35.44089328370261,16.50551573218749,68.88545514200129,20.32523237131683,42.414654877409674,66.00313811050057,18.46577560721512,55.19954618908248
48bc3f0f,Preset,random,45,A2,39.56907460200287,63.17577336413052,37.06444674593686,35.62488114386544,60.92675175289128,23.601778547603278,42.116709157222644,58.60537465035109,24.027079117492832,57.37280376902558,34.00164617519991,34.38234203764941,47.24386049198782,11.007655387206203
48bc3f0f,Preset,random,57,A3,49.4319101649326,36.95730444279188,47.4038086689215,28.65653019825135,42.363230407334115,33.71606694512128,19.644451464146016,58.60537465035109,24.027079117492832,57.37280376902558,34.00164617519991,34.38234203764941,47.24386049198782,11.007655387206203
48bc3f0f,Preset,random,69,A4,58.5326671463796,24.02038203164141,55.8783574140642,34.14675169295906,34.16339802686977,47.634911896517096,9.681903458418454,58.60537465035109,24.027079117492832,57.37280376902558,34.00164617519991,34.38234203764941,47.24386049198782,11.007655387206203
48bc3f0f,Preset,random,81,A5,67.56616394066701,13.995362134466866,56.5154054247017,38.00939763665456,28.964176259207864,57.24357103171191,0.4816465243082888,58.60537465035109,24.027079117492832,57.37280376902558,34.00164617519991,34.38234203764941,47.24386049198782,11.007655387206203
48bc3f0f,Preset,random,93,A6,78.76991110467281,3.0736912983661853,57.22915746970705,47.52609009860318,16.957832748982245,76.79153525599587,-34.70766920616377,58.60537465035109,24.027079117492832,57.37280376902558,34.00164617519991,34.38234203764941,47.24386049198782,11.007655387206203
4d7faeb6,Preset,random,45,A2,56.91780066351892,34.90411325951273,48.73451686709865,60.19760024275722,45.278724743731374,39.63755410864243,19.35751822931943,70.56430612166062,8.603270333216493,57.867457750946045,64.08596418412638,35.715825181973656,54.29981193103022,11.41789733658834
4d7faeb6,Preset,random,57,A3,72.40317881605135,28.887841100399186,53.02291483912671,66.62269954636552,34.444881275797734,54.70072317602896,13.088788544281918,70.56430612166062,8.603270333216493,57.867457750946045,64.08596418412638,35.715825181973656,54.29981193103022,11.41789733658834
4d7faeb6,Preset,random,69,A4,70.12268089304622,12.570438147047284,55.40668743440585,63.67339281870011,35.61073147087909,54.121444642554856,12.414500771652088,70.56430612166062,8.603270333216493,57.867457750946045,64.08596418412638,35.715825181973656,54.29981193103022,11.41789733658834
4d7faeb6,Preset,random,81,A5,73.65351383378551,19.55222251723486,66.9061775535223,69.17670729958111,29.07452469448212,60.73977349204888,-2.269426457301222,70.56430612166062,8.603270333216493,57.867457750946045,64.08596418412638,35.715825181973656,54.29981193103022,11.41789733658834
4d7faeb6,Preset,random,93,A6,74.48632408158444,15.989434088175166,63.78556143423552,68.07831875651758,28.52621522268141,64.39065692803938,-2.4100894329932956,70.56430612166062,8.603270333216493,57.867457750946045,64.08596418412638,35.715825181973656,54.29981193103022,11.41789733658834
859969c1,Preset,random,45,A2,41.00891541536236,64.71810487141569,34.4314667089475,45.07253847893465,61.73229736977431,33.66926744426512,46.367411866269634,55.52279041840971,51.36406470290349,45.212572520104914,61.06401409221549,53.296583367699995,43.18083654703169,31.109152083193514
859969c1,Preset,random,57,A3,48.75303219637308,66.43154376297703,39.67842586257194,53.75143934812266,59.01433833656115,37.33174839697727,40.04895420861639,55.52279041840971,51.36406470290349,45.212572520104914,61.06401409221549,53.296583367699995,43.18083654703169,31.109152083193514
859969c1,Preset,random,69,A4,56.58082455322327,50.074345904493,47.90306450890222,61.789820381218284,52.78895517798181,44.004909575469156,31.09329948951915,55.52279041840971,51.36406470290349,45.212572520104914,61.06401409221549,53.296583367699995,43.18083654703169,31.109152083193514
859969c1,Preset,random,81,A5,63.91415372034047,36.47878761210621,53.115601834242,66.93137097906636,42.09206075975297,50.68443789942138,19.9520630564581,55.52279041840971,51.36406470290349,45.212572520104914,61.06401409221549,53.296583367699995,43.18083654703169,31.109152083193514
859969c1,Preset,random,93,A6,69.97276061348967,34.12275594128023,57.73914228351833,71.46788510714015,35.01967512364793,58.01510233513413,12.63406212483541,55.52279041840971,51.36406470290349,45.212572520104914,61.06401409221549,53.296583367699995,43.18083654703169,31.109152083193514
a081a53b,Preset,random,45,A2,77.13408359733086,16.909632784414647,75.5628078043132,77.39492268403495,26.32305571321598,69.60903246332808,-2.052452669238935,86.05741619098448,8.666110027628733,74.54987614750004,84.03232435546182,24.46714871052228,87.88713681904906,-14.001382037671192
a081a53b,Preset,random,57,A3,82.38858399047426,11.131102942198517,76.86558415029648,80.76744903544675,22.64401279007103,78.37360802823751,-6.462077828973918,86.05741619098448,8.666110027628733,74.54987614750004,84.03232435546182,24.46714871052228,87.88713681904906,-14.001382037671192
a081a53b,Preset,random,69,A4,85.96805603117382,8.392371345975441,74.87133321493792,84.07781769742962,24.86413582879672,88.01197788501565,-13.605937674714895,86.05741619098448,8.666110027628733,74.54987614750004,84.03232435546182,24.46714871052228,87.88713681904906,-14.001382037671192
a081a53b,Preset,random,81,A5,88.96322687530615,7.034883542006099,75.83642886661133,85.08121729677211,26.77397329934319,93.14610185740338,-26.840056202745593,86.05741619098448,8.666110027628733,74.54987614750004,84.03232435546182,24.46714871052228,87.88713681904906,-14.001382037671192
a081a53b,Preset,random,93,A6,90.76946985338498,18.075926807397273,75.83613693049386,84.94983868696157,20.494935107117335,88.36349715908631,-15.55762156938686,86.05741619098448,8.666110027628733,74.54987614750004,84.03232435546182,24.46714871052228,87.88713681904906,-14.001382037671192
083f4a7c,Preset,random,45,A2,35.53011512821256,69.33706840939581,27.293469771910082,38.32761405803498,56.382917012077186,25.78120631021813,58.93036193510815,41.416658627334925,43.3403327961066,29.96913477049472,0.0,53.48188780670402,27.87141634115705,27.588968533513974
083f4a7c,Preset,random,57,A3,41.00906071208848,62.91467024947681,34.01601264624419,24.099901326337143,62.59449429498813,26.460183879296174,49.534017575874486,41.416658627334925,43.3403327961066,29.96913477049472,0.0,53.48188780670402,27.87141634115705,27.588968533513974
083f4a7c,Preset,random,69,A4,43.31290674244712,43.69388856954188,30.40364146717299,0.0,54.77273875466462,21.206466605266215,29.0477513233094,41.416658627334925,43.3403327961066,29.96913477049472,0.0,53.48188780670402,27.87141634115705,27.588968533513974
083f4a7c,Preset,random,81,A5,49.354137587234796,23.922925757585077,39.55700647787876,0.0,42.09002587459287,35.54821402291678,16.12215556896944,41.416658627334925,43.3403327961066,29.96913477049472,0.0,53.48188780670402,27.87141634115705,27.588968533513974
083f4a7c,Preset,random,93,A6,64.12731058697875,15.91017026489127,56.69438096963091,27.55292781959087,31.85177777898987,53.89655921528347,13.795340307226853,41.416658627334925,43.3403327961066,29.96913477049472,0.0,53.48188780670402,27.87141634115705,27.588968533513974
558c9c2d,Preset,random,45,A2,40.72573015254072,53.19983077773419,35.62207558975119,43.67432738879106,64.23063494598695,28.284915092799423,45.15188456290667,52.40524648718719,56.38344440370446,35.74306281637877,53.02397245557377,53.09671880254905,35.71283091262907,30.951901478567382
558c9c2d,Preset,random,57,A3,43.646692189116514,67.35408410435495,32.923951842180756,46.43303104534631,67.80197657884793,28.265112735218374,40.080105915150824,52.40524648718719,56.38344440370446,35.74306281637877,53.02397245557377,53.09671880254905,35.71283091262907,30.951901478567382
558c9c2d,Preset,random,69,A4,52.503567596920114,54.25664370240294,36.419702638018194,51.02082120306779,51.806940614829784,36.46764848069162,29.566039448132347,52.40524648718719,56.38344440370446,35.74306281637877,53.02397245557377,53.09671880254905,35.71283091262907,30.951901478567382
558c9c2d,Preset,random,81,A5,61.72152049313024,55.068888402516905,40.20423618212685,53.87135469482051,53.151070597357965,46.22274370686089,35.738667730186755,52.40524648718719,56.38344440370446,35.74306281637877,53.02397245557377,53.09671880254905,35.71283091262907,30.951901478567382
558c9c2d,Preset,random,93,A6,58.48486774285245,47.58184867811358,47.12281485945988,52.3667704559571,50.10533715888803,51.82432380552437,31.96907653847584,52.40524648718719,56.38344440370446,35.74306281637877,53.02397245557377,53.09671880254905,35.71283091262907,30.951901478567382
b3223742,Preset,random,45,A2,69.32523065417016,50.47429967735355,75.69208060580729,77.8968335395191,36.4408933022417,58.173952106406034,26.98582502729842,72.44967540123369,25.809736579310616,76.03392543087173,70.72550932908413,22.14720402799322,63.704246702351384,13.271943883813645
b3223742,Preset,random,57,A3,73.08996338799784,36.54869691907683,70.20074798650356,76.70257473354371,25.781107950208074,61.78262559230895,18.805273306324466,72.44967540123369,25.809736579310616,76.03392543087173,70.72550932908413,22.14720402799322,63.704246702351384,13.271943883813645
b3223742,Preset,random,69,A4,73.62650418429494,29.633440117887332,78.00922861790505,73.817823861263,24.375576612316024,61.782844755139394,20.08621240775768,72.44967540123369,25.809736579310616,76.03392543087173,70.72550932908413,22.14720402799322,63.704246702351384,13.271943883813645
b3223742,Preset,random,81,A5,73.98604553768641,21.087196054696896,66.4418680022365,68.89406450237088,19.762316696815287,64.2505044477594,10.627678727299877,72.44967540123369,25.809736579310616,76.03392543087173,70.72550932908413,22.14720402799322,63.704246702351384,13.271943883813645
b3223742,Preset,random,93,A6,77.3698267303784,13.766540475144488,65.7757013915215,61.797679921045,17.24014570404302,68.71490967175842,-33.70394361702564,72.44967540123369,25.809736579310616,76.03392543087173,70.72550932908413,22.14720402799322,63.704246702351384,13.271943883813645
15a3ff2f,Preset,random,45,A2,78.337652639706,41.656703817256385,78.53013868583895,80.48634675148418,22.371463405880483,65.60287449331345,13.468560814159542,84.4421452961381,35.73874458458867,79.26713218098902,84.1519012592181,20.330127179395525,70.77706623197798,20.69694955728098
15a3ff2f,Preset,random,57,A3,80.57748970012652,29.519851648787714,81.8661327491775,81.75899413081737,21.156006776620018,68.12946291265384,17.999825644148338,84.4421452961381,35.73874458458867,79.26713218098902,84.1519012592181,20.330127179395525,70.77706623197798,20.69694955728098
15a3ff2f,Preset,random,69,A4,84.39759650176268,40.53458328866457,80.88192827504847,84.22528606149137,20.268962799519947,70.7632532489142,21.603838735311395,84.4421452961381,35.73874458458867,79.26713218098902,84.1519012592181,20.330127179395525,70.77706623197798,20.69694955728098
15a3ff2f,Preset,random,81,A5,85.7101297428103,41.59221794113749,77.46030125806172,84.68116657899591,21.253774542368436,72.57122504117439,21.750343943006943,84.4421452961381,35.73874458458867,79.26713218098902,84.1519012592181,20.330127179395525,70.77706623197798,20.69694955728098
15a3ff2f,Preset,random,93,A6,86.50863026947029,40.80580065179259,81.44515174909174,84.27086818587183,23.247680832069715,75.04423760418143,23.066390502589858,84.4421452961381,35.73874458458867,79.26713218098902,84.1519012592181,20.330127179395525,70.77706623197798,20.69694955728098
bf613860,Preset,random,45,A2,19.58985820349679,73.7025674756077,34.22471850088914,26.956685328132576,66.06233788232277,46.54738902758825,43.17331709150612,25.9403686672807,75.02745618549945,40.87474654313294,26.084950886425307,65.27962394322486,40.05660610715089,45.03799524259815
bf613860,Preset,random,57,A3,25.11396189335872,72.54743014270406,37.189449752532255,23.501386699999838,61.11691587662216,49.69515655165318,38.24645577247424,25.9403686672807,75.02745618549945,40.87474654313294,26.084950886425307,65.27962394322486,40.05660610715089,45.03799524259815
bf613860,Preset,random,69,A4,24.425194106256868,76.39421741333392,36.22319968188923,0.0,63.15838044500952,48.488471190195945,39.44103242022244,25.9403686672807,75.02745618549945,40.87474654313294,26.084950886425307,65.27962394322486,40.05660610715089,45.03799524259815
bf613860,Preset,random,81,A5,24.537086892609757,75.1340694649152,36.98479880987209,0.0,62.22251025593297,45.57780619958531,43.70799556015291,25.9403686672807,75.02745618549945,40.87474654313294,26.084950886425307,65.27962394322486,40.05660610715089,45.03799524259815
bf613860,Preset,random,93,A6,22.348503072137348,78.58249723485264,39.867530807094795,0.0,62.86871427342797,49.15027977205618,38.8170458716839,25.9403686672807,75.02745618549945,40.87474654313294,26.084950886425307,65.27962394322486,40.05660610715089,45.03799524259815
a7cc387f,Preset,random,45,A2,26.94338653692268,70.42645082855148,45.23380624755157,26.66427270645284,65.91400453319494,47.51722515596799,38.679120990593916,-1.0225975948387607,73.01264272501845,11.556286917894539,31.937634712662017,60.41245192046459,36.824646144492355,52.86252902248228
a7cc387f,Preset,random,57,A3,15.108494264974581,77.46389172350264,34.807278718414594,0.0,64.08460718466999,46.899761302027414,39.848646355017976,-1.0225975948387607,73.01264272501845,11.556286917894539,31.937634712662017,60.41245192046459,36.824646144492355,52.86252902248228
a7cc387f,Preset,random,69,A4,-15.18046467651466,74.68430872090411,23.628565369088363,0.0,60.72894214628764,38.24449869014843,52.35921393053452,-1.0225975948387607,73.01264272501845,11.556286917894539,31.937634712662017,60.41245192046459,36.824646144492355,52.86252902248228
a7cc387f,Preset,random,81,A5,-2.3511804253743875,75.45648018415798,19.550173830525083,40.99271682154916,59.26694186171449,24.442239521460973,58.46623582042625,-1.0225975948387607,73.01264272501845,11.556286917894539,31.937634712662017,60.41245192046459,36.824646144492355,52.86252902248228
a7cc387f,Preset,random,93,A6,18.838379941406707,70.94648753689496,37.14559964577079,39.008090751009576,64.56413784794574,30.568691945134017,52.679876819850264,-1.0225975948387607,73.01264272501845,11.556286917894539,31.937634712662017,60.41245192046459,36.824646144492355,52.86252902248228
d735c14a,Preset,random,45,A2,60.06703916953421,66.07002613095142,64.71756532817184,65.0352114794832,49.86217855464349,52.4756611753738,34.591384633072025,60.241113853607686,38.84962699657939,72.38735694407347,61.219079763335685,34.39611952154495,53.108177595024216,20.168166679176323
d735c14a,Preset,random,57,A3,64.14333588093864,48.86732270207091,74.98954540936981,73.46494239130872,35.986997035154985,54.69405103352146,24.317523036550106,60.241113853607686,38.84962699657939,72.38735694407347,61.219079763335685,34.39611952154495,53.108177595024216,20.168166679176323
d735c14a,Preset,random,69,A4,64.86200719618907,44.8800662170448,76.21636488966698,69.48242573274923,36.24527180865095,56.26375278301663,23.550602694793714,60.241113853607686,38.84962699657939,72.38735694407347,61.219079763335685,34.39611952154495,53.108177595024216,20.168166679176323
d735c14a,Preset,random,81,A5,70.20127879081774,28.654492432019744,73.81101142434159,64.62758604291318,21.97650134717072,61.13426961732149,-0.17339230554991758,60.241113853607686,38.84962699657939,72.38735694407347,61.219079763335685,34.39611952154495,53.108177595024216,20.168166679176323
d735c14a,Preset,random,93,A6,70.89063598203082,17.831609815724924,76.4824510999614,52.41219663849237,19.511959496896182,66.0633652006258,2.1621902925422454,60.241113853607686,38.84962699657939,72.38735694407347,61.219079763335685,34.39611952154495,53.108177595024216,20.168166679176323
2cd77ea1,Preset,random,45,A2,76.27766684225537,44.389814376533806,73.3861724037921,79.97525351391982,33.329100347067836,64.37367083886276,20.594188378764585,83.46693801113976,37.98787603516165,80.66011272376105,85.10083053365247,24.929280205481607,71.74381732725189,17.637111783164244
2cd77ea1,Preset,random,57,A3,80.33466226345857,39.3715232875587,81.2424491640117,84.1258068349449,28.660075000408153,68.85889512381908,17.207623450924554,83.46693801113976,37.98787603516165,80.66011272376105,85.10083053365247,24.929280205481607,71.74381732725189,17.637111783164244
2cd77ea1,Preset,random,69,A4,83.32918661766173,39.227099902436514,80.21956074477728,85.03246181593181,25.076442978262815,71.46219332398341,17.244544019753302,83.46693801113976,37.98787603516165,80.66011272376105,85.10083053365247,24.929280205481607,71.74381732725189,17.637111783164244
2cd77ea1,Preset,random,81,A5,85.57679442133963,41.242351865507956,83.00826951148969,85.96328561525826,21.22612304941022,73.30982684102398,16.639997160296247,83.46693801113976,37.98787603516165,80.66011272376105,85.10083053365247,24.929280205481607,71.74381732725189,17.637111783164244
2cd77ea1,Preset,random,93,A6,86.88364784757596,34.41990705099225,83.28955910748999,86.13709800649282,19.357923284753515,74.14617477015403,16.942679743678006,83.46693801113976,37.98787603516165,80.66011272376105,85.10083053365247,24.929280205481607,71.74381732725189,17.637111783164244
033d7c94,Preset,random,45,A2,28.57350004288503,42.95161069326696,35.45400405184566,40.468523103329225,53.29240978696791,18.006545189506127,27.931702958193636,67.85029584688219,11.544744139816949,49.189033667685436,32.562674503808005,31.304536340031923,48.36460678993476,-1.366543500308282
033d7c94,Preset,random,57,A3,48.54826999937353,19.609634571999678,45.02987387292805,34.23625438112557,45.72891508251784,34.34131440555226,23.248073085970148,67.85029584688219,11.544744139816949,49.189033667685436,32.562674503808005,31.304536340031923,48.36460678993476,-1.366543500308282
033d7c94,Preset,random,69,A4,67.81222338083639,20.307696453511255,49.47499878135994,39.46305466866685,30.962782786720357,48.08174356802246,-5.394789976132515,67.85029584688219,11.544744139816949,49.189033667685436,32.562674503808005,31.304536340031923,48.36460678993476,-1.366543500308282
033d7c94,Preset,random,81,A5,78.39764153934141,18.617760032535323,47.82859900756495,35.364778171882676,18.86287743276085,70.29397450343066,-18.876811011966673,67.85029584688219,11.544744139816949,49.189033667685436,32.562674503808005,31.304536340031923,48.36460678993476,-1.366543500308282
033d7c94,Preset,random,93,A6,84.23668602656839,11.39224551008028,61.122143104682465,51.45450620358053,21.38988692304867,94.43764021564735,0.8102047114947197,67.85029584688219,11.544744139816949,49.189033667685436,32.562674503808005,31.304536340031923,48.36460678993476,-1.366543500308282
aa570287,Preset,random,45,A2,71.43986569020004,35.5533220589633,82.41123937675144,75.5700050946223,27.712284133676427,60.70311617149621,12.069890650236225,73.44260250010919,23.725071841383418,73.91470539121963,71.21268385238417,18.11647495864107,63.97086410694018,-3.5657165977291
aa570287,Preset,random,57,A3,70.79801996959672,29.733577809798625,72.37353022705705,73.72849005417977,23.232492852830067,60.494411412862604,10.883300753457519,73.44260250010919,23.725071841383418,73.91470539121963,71.21268385238417,18.11647495864107,63.97086410694018,-3.5657165977291
aa570287,Preset,random,69,A4,72.61689055677749,24.276664195421276,70.09587231136939,68.64721186685232,19.14012611891319,63.20425648504978,2.6143041109315917,73.44260250010919,23.725071841383418,73.91470539121963,71.21268385238417,18.11647495864107,63.97086410694018,-3.5657165977291
aa570287,Preset,random,81,A5,75.72109141677882,16.68408352356559,68.45871848047446,70.96668671457175,16.269573279765325,68.63496580081673,-1.9311286973748523,73.44260250010919,23.725071841383418,73.91470539121963,71.21268385238417,18.11647495864107,63.97086410694018,-3.5657165977291
aa570287,Preset,random,93,A6,80.21786039792278,9.662701581667129,69.77452248327359,65.17472188223034,14.470364098808247,75.53894772777844,-20.036549509406328,73.44260250010919,23.725071841383418,73.91470539121963,71.21268385238417,18.11647495864107,63.97086410694018,-3.5657165977291
9fcebfa2,Preset,random,45,A2,86.25150212820621,29.489497765635022,85.42133479961353,70.48738978338126,15.300022088393654,73.66331524689275,20.251030406271667,84.50304024412769,18.515860364692593,87.36718103376174,69.79317885754752,12.210758904149223,74.56644724533783,7.620472388188325
9fcebfa2,Preset,random,57,A3,85.59934493001234,24.563003237455533,84.0560877642188,70.90088173788091,13.6549592011423,74.22894137848303,4.8769820257397285,84.50304024412769,18.515860364692593,87.36718103376174,69.79317885754752,12.210758904149223,74.56644724533783,7.620472388188325
9fcebfa2,Preset,random,69,A4,84.61848923669675,18.45584113593565,87.32803305444546,69.54164328344872,12.715168264634286,74.52379650161214,8.629630022547719,84.50304024412769,18.515860364692593,87.36718103376174,69.79317885754752,12.210758904149223,74.56644724533783,7.620472388188325
9fcebfa2,Preset,random,81,A5,84.29311547710634,13.428832747677369,85.46824413634593,67.31169449649244,12.363066872850915,77.77914323584253,1.2590684459057933,84.50304024412769,18.515860364692593,87.36718103376174,69.79317885754752,12.210758904149223,74.56644724533783,7.620472388188325
9fcebfa2,Preset,random,93,A6,85.14239532976835,7.645431370848584,82.87186182622548,66.44072423734663,12.815891102599153,81.64771856156577,8.071649090092066,84.50304024412769,18.515860364692593,87.36718103376174,69.79317885754752,12.210758904149223,74.56644724533783,7.620472388188325
c9eca102,Preset,random,45,A2,29.67454304490519,72.42071621689084,43.1718192127251,40.39347939069138,61.918161397703265,45.54604285247861,44.14712727785941,31.627355017237424,72.40686309629584,44.01903359820602,40.28411293394808,60.84952679919037,48.20793137110456,41.00209516570651
c9eca102,Preset,random,57,A3,29.67639407249727,75.9231036334467,51.15906372636499,33.523835204219566,65.32298960554849,48.65921005416296,40.063238784754574,31.627355017237424,72.40686309629584,44.01903359820602,40.28411293394808,60.84952679919037,48.20793137110456,41.00209516570651
c9eca102,Preset,random,69,A4,30.111520002337933,72.35073221574515,52.954464671332744,38.98191004259694,62.09548645998072,33.093810891332204,52.903512118995366,31.627355017237424,72.40686309629584,44.01903359820602,40.28411293394808,60.84952679919037,48.20793137110456,41.00209516570651
c9eca102,Preset,random,81,A5,33.244128895449904,72.80152128710446,65.92075303680991,29.51035915455,67.82496348071233,49.65951160470144,36.633837883467024,31.627355017237424,72.40686309629584,44.01903359820602,40.28411293394808,60.84952679919037,48.20793137110456,41.00209516570651
c9eca102,Preset,random,93,A6,37.82398799219975,70.50992430767442,64.88760239410891,0.0,68.71468275910946,46.96354142924378,38.146014508804264,31.627355017237424,72.40686309629584,44.01903359820602,40.28411293394808,60.84952679919037,48.20793137110456,41.00209516570651
0666d6b7,Preset,random,45,A2,10.863604658735412,66.58070946540299,1.4168406197120476,37.39315451444699,65.43665072224475,16.50619298527001,57.95032918716509,33.3752014797374,36.87095487809991,24.704239084816308,43.429565317218945,55.08794566279734,20.44138529040741,29.91211572878869
0666d6b7,Preset,random,57,A3,21.723957693989647,59.388508907931325,11.632367867778143,38.86880480707435,69.64002133619739,13.130985874297476,50.68389983892043,33.3752014797374,36.87095487809991,24.704239084816308,43.429565317218945,55.08794566279734,20.44138529040741,29.91211572878869
0666d6b7,Preset,random,69,A4,32.987432704583355,37.787976678304744,15.816748921868594,42.53310123838979,54.68859312634963,23.520303757236945,24.031154723504443,33.3752014797374,36.87095487809991,24.704239084816308,43.429565317218945,55.08794566279734,20.44138529040741,29.91211572878869
0666d6b7,Preset,random,81,A5,48.97394787943274,20.558682085701548,41.47861405523429,44.13102293730076,45.420814980340396,32.58129183812628,18.90792438384439,33.3752014797374,36.87095487809991,24.704239084816308,43.429565317218945,55.08794566279734,20.44138529040741,29.91211572878869
0666d6b7,Preset,random,93,A6,66.5754543910963,14.266532195538375,47.925868584005,48.96843376403634,37.40957561376719,48.211406977791604,5.355986116313275,33.3752014797374,36.87095487809991,24.704239084816308,43.429565317218945,55.08794566279734,20.44138529040741,29.91211572878869
eedc7778,Preset,random,45,A2,12.987209716792925,70.35081375502327,33.11399809859506,0.0,67.91744068619712,22.475263539284505,54.587939638850386,11.09193890808902,68.00029897758931,28.675479772033157,47.861637569281164,65.61108693128197,16.00340294122846,55.60478240533729
eedc7778,Preset,random,57,A3,11.1098751663151,75.64478626322382,26.687443590379388,36.18083177207188,67.47015513563103,18.08972363228383,55.20845131853032,11.09193890808902,68.00029897758931,28.675479772033157,47.861637569281164,65.61108693128197,16.00340294122846,55.60478240533729
eedc7778,Preset,random,69,A4,11.0455936107061,67.99868905623423,28.760548597534978,47.58486207418245,65.57961049958485,16.798472876348193,55.47562801281768,11.09193890808902,68.00029897758931,28.675479772033157,47.861637569281164,65.61108693128197,16.00340294122846,55.60478240533729
eedc7778,Preset,random,81,A5,12.394879473209947,67.49344084511561,16.812424896615227,41.61994239183878,67.44121115775499,17.09917488607918,52.32692885111615,11.09193890808902,68.00029897758931,28.675479772033157,47.861637569281164,65.61108693128197,16.00340294122846,55.60478240533729
eedc7778,Preset,random,93,A6,13.79284097155628,62.17313628231993,6.317312923730611,29.5940086260584,68.23973510493265,18.231230947951822,47.88116347225761,11.09193890808902,68.00029897758931,28.675479772033157,47.861637569281164,65.61108693128197,16.00340294122846,55.60478240533729
01a2ab28,Preset,random,45,A2,29.062251145158044,66.26422915106693,35.67311498537005,37.02430587603167,64.49949663136582,8.274928859165946,52.8626606740618,57.742786583767284,25.71889558452736,48.820742110628174,35.06932152025087,43.378496475256284,36.26865181403833,11.36668044940848
01a2ab28,Preset,random,57,A3,37.16488818873188,56.190664757700674,34.17356229675312,30.851242216436106,64.11317021664716,11.11163309185546,44.23974371900011,57.742786583767284,25.71889558452736,48.820742110628174,35.06932152025087,43.378496475256284,36.26865181403833,11.36668044940848
01a2ab28,Preset,random,69,A4,54.756889662534824,28.771699169547325,46.795988108775106,33.98208365420781,44.514484691155296,32.786748957301164,15.976996103231278,57.742786583767284,25.71889558452736,48.820742110628174,35.06932152025087,43.378496475256284,36.26865181403833,11.36668044940848
01a2ab28,Preset,random,81,A5,67.19307113393197,15.152303685285702,54.71106436877602,40.23066082932454,31.133103805523348,49.017987513906135,3.2325901909942694,57.742786583767284,25.71889558452736,48.820742110628174,35.06932152025087,43.378496475256284,36.26865181403833,11.36668044940848
01a2ab28,Preset,random,93,A6,76.17330586589388,8.242151339709253,53.28181174422096,39.27886048536105,16.992235888331596,65.30077175454994,-24.878286395049123,57.742786583767284,25.71889558452736,48.820742110628174,35.06932152025087,43.378496475256284,36.26865181403833,11.36668044940848
06eda2e4,Preset,random,45,A2,61.07919122993026,68.77915815312025,66.14015502329971,65.10303555919812,47.743715023242004,55.15689909983443,36.635221895066124,70.93323178775493,42.99335030872615,71.09832820154392,75.13748859141185,30.24937142952389,60.64315030500184,19.523301660959874
06eda2e4,Preset,random,57,A3,65.61037976208367,56.50589081660567,72.67693822224643,74.16006119128625,39.66333721775424,57.18589439940189,30.121200455699313,70.93323178775493,42.99335030872615,71.09832820154392,75.13748859141185,30.24937142952389,60.64315030500184,19.523301660959874
06eda2e4,Preset,random,69,A4,74.6490257503777,43.22581426171504,72.3848088012949,75.54775058345653,29.58407505565648,63.95437953492383,20.2389202063397,70.93323178775493,42.99335030872615,71.09832820154392,75.13748859141185,30.24937142952389,60.64315030500184,19.523301660959874
06eda2e4,Preset,random,81,A5,75.57887798705347,30.018454509907862,66.00961542368364,71.3895983696599,21.88686041464304,64.11263414958361,7.4116705724839065,70.93323178775493,42.99335030872615,71.09832820154392,75.13748859141185,30.24937142952389,60.64315030500184,19.523301660959874
06eda2e4,Preset,random,93,A6,81.76622746678743,17.236852765277916,65.98690762410129,60.94383033859859,15.908467177333737,75.08728540560753,-11.632300038294545,70.93323178775493,42.99335030872615,71.09832820154392,75.13748859141185,30.24937142952389,60.64315030500184,19.523301660959874
949a5bf9,Preset,random,45,A2,40.81200817137906,59.089222480355375,36.99787977501511,48.63505438096052,65.88492477729638,30.692691101552143,46.88243138302957,57.24032163442438,36.24190263597189,52.963809428637376,59.824962664377125,52.21148627882816,46.2199258080041,26.87653355819877
949a5bf9,Preset,random,57,A3,49.484209841367395,43.36332172588051,47.44291625341742,55.83038478393611,61.22292353601425,38.69933790249881,32.68236535209883,57.24032163442438,36.24190263597189,52.963809428637376,59.824962664377125,52.21148627882816,46.2199258080041,26.87653355819877
949a5bf9,Preset,random,69,A4,57.610758858561724,49.109892731593575,54.06470370566933,62.986544168251335,52.5151019968362,46.62749115693691,26.008011432082405,57.24032163442438,36.24190263597189,52.963809428637376,59.824962664377125,52.21148627882816,46.2199258080041,26.87653355819877
949a5bf9,Preset,random,81,A5,69.1000203668407,21.35896234561482,64.79540930492786,68.82533691483623,33.623537128756325,60.99010265469872,9.862382665403786,57.24032163442438,36.24190263597189,52.963809428637376,59.824962664377125,52.21148627882816,46.2199258080041,26.87653355819877
949a5bf9,Preset,random,93,A6,76.52347463979117,22.281239999694307,67.45356145581053,71.2447354508806,24.29633896512936,67.42902870545024,19.589536498484666,57.24032163442438,36.24190263597189,52.963809428637376,59.824962664377125,52.21148627882816,46.2199258080041,26.87653355819877
1b76b17c,Preset,random,45,A2,21.384067890435652,64.16254347889407,22.61817649331593,45.39358495899856,67.71141765188821,23.731246362089557,47.29849455148851,30.782938332142777,48.213132993811485,25.70621067284911,46.06854002080873,57.9060883182225,15.348505285571257,34.043327869745546
1b76b17c,Preset,random,57,A3,23.102338495538284,59.41093644180409,23.341479073221635,45.124924901896215,70.34060376777843,6.71394870720637,46.73375203202178,30.782938332142777,48.213132993811485,25.70621067284911,46.06854002080873,57.9060883182225,15.348505285571257,34.043327869745546
1b76b17c,Preset,random,69,A4,30.39959357582737,50.09249022594409,37.5465535344634,47.98048653202613,55.89744230845774,26.648350288941586,30.16786957802903,30.782938332142777,48.213132993811485,25.70621067284911,46.06854002080873,57.9060883182225,15.348505285571257,34.043327869745546
1b76b17c,Preset,random,81,A5,35.918970042813946,62.10453260567988,38.78119978213991,51.421459365151186,67.11324768923524,17.4981790527487,40.385400404995025,30.782938332142777,48.213132993811485,25.70621067284911,46.06854002080873,57.9060883182225,15.348505285571257,34.043327869745546
1b76b17c,Preset,random,93,A6,37.1399134154596,62.81414644682468,32.33387650210446,51.448607867539934,67.76367502714083,16.554558868080857,43.089695208523274,30.782938332142777,48.213132993811485,25.70621067284911,46.06854002080873,57.9060883182225,15.348505285571257,34.043327869745546
269b28b7,Preset,random,45,A2,45.203391532069695,65.1540402199336,40.79697854851824,44.543074061269635,62.38130861314403,36.782766786147086,48.371236882375015,38.25279851439798,39.53724169759974,11.026217975056241,33.50562219164014,52.4433512136038,25.64541088397769,13.292538911144998
269b28b7,Preset,random,57,A3,35.871849961943,58.95476406538425,13.8389404489145,35.25375679720615,66.47773060004714,16.099463105730123,47.64643518458107,38.25279851439798,39.53724169759974,11.026217975056241,33.50562219164014,52.4433512136038,25.64541088397769,13.292538911144998
269b28b7,Preset,random,69,A4,37.69173906306892,38.142488041227566,24.366849949315124,36.39845416032506,54.648426890459305,24.068630328878477,14.453669013691657,38.25279851439798,39.53724169759974,11.026217975056241,33.50562219164014,52.4433512136038,25.64541088397769,13.292538911144998
269b28b7,Preset,random,81,A5,46.12865872150219,19.685824675617773,37.65067203879151,37.30576246205781,43.78205632614548,36.97404388504515,-10.22873986457946,38.25279851439798,39.53724169759974,11.026217975056241,33.50562219164014,52.4433512136038,25.64541088397769,13.292538911144998
269b28b7,Preset,random,93,A6,63.65961157562916,12.096099599272591,44.99506949621616,42.529300122736316,34.11014249024254,50.42219557242717,2.263111903706111,38.25279851439798,39.53724169759974,11.026217975056241,33.50562219164014,52.4433512136038,25.64541088397769,13.292538911144998
f566d7ed,Preset,random,45,A2,15.11835785851278,73.81114061795594,27.821713180143846,0.0,64.54390391444804,48.92686670996587,39.31081657668248,11.590236991849572,70.83865418407022,21.516124624103227,44.89314807445688,62.035698453134856,20.364442166311427,60.458588742709026
f566d7ed,Preset,random,57,A3,11.231551512399392,74.71790353539909,24.64136277115476,0.0,62.25840540245738,39.25624607275794,50.84661412865237,11.590236991849572,70.83865418407022,21.516124624103227,44.89314807445688,62.035698453134856,20.364442166311427,60.458588742709026
f566d7ed,Preset,random,69,A4,9.44269100849938,68.6885979779701,27.2366964769533,43.57467549699747,61.716434459283846,27.787744823114345,57.79778488872091,11.590236991849572,70.83865418407022,21.516124624103227,44.89314807445688,62.035698453134856,20.364442166311427,60.458588742709026
f566d7ed,Preset,random,81,A5,13.89407610610236,70.68616524285677,28.774894655608335,40.05570877641283,65.71750789010507,4.605004608688574,59.065146816807925,11.590236991849572,70.83865418407022,21.516124624103227,44.89314807445688,62.035698453134856,20.364442166311427,60.458588742709026
f566d7ed,Preset,random,93,A6,32.75463608079323,72.42193506693215,36.34869285142729,40.108876448848434,69.67873611554616,4.716488104930317,52.743751647837705,11.590236991849572,70.83865418407022,21.516124624103227,44.89314807445688,62.035698453134856,20.364442166311427,60.458588742709026
85f12a7f,Preset,random,45,A2,51.82086181956538,68.0878813123405,51.54473163318377,58.41787784268194,54.462469776752414,47.951346507914835,38.83211135020404,52.79789520956111,67.00387097789891,57.323954826556104,59.4054929417124,49.81338842518119,48.884066699052454,37.464427519097924
85f12a7f,Preset,random,57,A3,52.231961232951285,72.5859409114258,55.847243769023095,58.67230573405247,51.091139299726144,48.99101353966922,39.11587317436614,52.79789520956111,67.00387097789891,57.323954826556104,59.4054929417124,49.81338842518119,48.884066699052454,37.464427519097924
85f12a7f,Preset,random,69,A4,56.963195510647026,64.15702149704187,66.7684742682317,62.6343311899905,45.38488592099924,51.004057524586905,33.67981228501813,52.79789520956111,67.00387097789891,57.323954826556104,59.4054929417124,49.81338842518119,48.884066699052454,37.464427519097924
85f12a7f,Preset,random,81,A5,58.77677174135997,58.095725533170615,59.83904845188434,54.125988491290414,42.76913025646947,53.22301206398549,31.378174598690148,52.79789520956111,67.00387097789891,57.323954826556104,59.4054929417124,49.81338842518119,48.884066699052454,37.464427519097924
85f12a7f,Preset,random,93,A6,61.09288183133281,53.46028489106488,60.152535499445065,42.66629179141492,42.25854509034546,57.46921759256993,29.646724306158127,52.79789520956111,67.00387097789891,57.323954826556104,59.4054929417124,49.81338842518119,48.884066699052454,37.464427519097924
ed3902d0,Preset,random,45,A2,55.31638415611551,46.57023870546655,63.66201360551804,51.45143786258998,44.11603776535955,42.73215245931485,29.659606816853078,73.61154258698897,17.281234927656413,60.393686563486,44.66783735899908,17.18109299985072,62.4116896284854,-2.7186762385373378
ed3902d0,Preset,random,57,A3,67.17386403835705,23.64931003555656,69.82436944850878,54.65253158582232,23.355572967345424,54.3400659755889,2.4305653155486517,73.61154258698897,17.281234927656413,60.393686563486,44.66783735899908,17.18109299985072,62.4116896284854,-2.7186762385373378
ed3902d0,Preset,random,69,A4,73.54833928735577,17.956124411623954,60.55489473436302,44.33016038116535,16.32245922284919,61.72271434023077,-1.2967901192080937,73.61154258698897,17.281234927656413,60.393686563486,44.66783735899908,17.18109299985072,62.4116896284854,-2.7186762385373378
ed3902d0,Preset,random,81,A5,77.9866207712268,10.705521310060867,56.98646057540992,44.78746779283036,16.049848323845413,71.18448565098097,-20.220449066599997,73.61154258698897,17.281234927656413,60.393686563486,44.66783735899908,17.18109299985072,62.4116896284854,-2.7186762385373378
ed3902d0,Preset,random,93,A6,81.4787792713781,5.788554487172412,54.394636024589005,46.74346870636902,16.568527915918636,80.61586904876057,-16.756159540182807,73.61154258698897,17.281234927656413,60.393686563486,44.66783735899908,17.18109299985072,62.4116896284854,-2.7186762385373378
deeb0c16,Preset,random,45,A2,58.05447476093704,64.42703554041869,59.95662294212383,60.85302449209787,53.75668908752007,51.620879481963264,34.81042126298581,64.62340422127554,40.04417737015591,67.09556823084,68.87249574134471,36.601027970767795,55.20446653216253,21.153047172295597
deeb0c16,Preset,random,57,A3,60.18917007195098,56.67476103046131,64.51535600065091,65.73966242595708,48.42344834292893,52.05595266534952,29.23542648165919,64.62340422127554,40.04417737015591,67.09556823084,68.87249574134471,36.601027970767795,55.20446653216253,21.153047172295597
deeb0c16,Preset,random,69,A4,63.5197573691588,46.17581938630194,66.27127869511565,69.54146129814424,41.68418167010499,53.84715008834864,24.21139167809994,64.62340422127554,40.04417737015591,67.09556823084,68.87249574134471,36.601027970767795,55.20446653216253,21.153047172295597
deeb0c16,Preset,random,81,A5,71.12172517089351,28.605616140186434,70.16313756783615,71.15394682695205,25.561196893150992,60.80023847925303,15.485978088970386,64.62340422127554,40.04417737015591,67.09556823084,68.87249574134471,36.601027970767795,55.20446653216253,21.153047172295597
deeb0c16,Preset,random,93,A6,75.68091841302652,22.732415986861803,70.17215628201802,72.03453255609818,18.405529148489983,65.26373913962476,-7.202954020020158,64.62340422127554,40.04417737015591,67.09556823084,68.87249574134471,36.601027970767795,55.20446653216253,21.153047172295597
c3e8614e,Preset,random,45,A2,35.51049227098227,60.855585440566564,40.335774346199656,44.13491134949452,70.84441102222507,18.662557681079775,45.14136895583537,55.5307704664594,21.858002477832066,52.06959743625825,0.0,39.143456654999056,40.630903799019926,0.9024687837385343
c3e8614e,Preset,random,57,A3,45.32603755028438,36.40229557656026,40.093926781303125,35.83290012492548,51.064116528702336,29.12293199360624,13.841131628273352,55.5307704664594,21.858002477832066,52.06959743625825,0.0,39.143456654999056,40.630903799019926,0.9024687837385343
c3e8614e,Preset,random,69,A4,55.33847229553617,21.84391188118059,52.329272316307936,0.0,38.1589754044323,40.91142182460608,3.7871698990375897,55.5307704664594,21.858002477832066,52.06959743625825,0.0,39.143456654999056,40.630903799019926,0.9024687837385343
c3e8614e,Preset,random,81,A5,68.50962197040847,14.51308795833009,56.130700493618605,0.0,27.917490232962066,55.04779827487616,5.359168434222237,55.5307704664594,21.858002477832066,52.06959743625825,0.0,39.143456654999056,40.630903799019926,0.9024687837385343
c3e8614e,Preset,random,93,A6,77.91477530288451,8.266793984063192,53.7598178232372,0.0,23.249267544203672,73.74323019922045,-0.6301533716548491,55.5307704664594,21.858002477832066,52.06959743625825,0.0,39.143456654999056,40.630903799019926,0.9024687837385343
657a2752,Preset,random,45,A2,57.45841586608322,63.180390348721296,51.62159705419384,53.64553100982931,54.985324788886395,39.67289310669262,30.206016002543105,63.47436668211526,50.94040964692539,55.77543717562432,62.37495869665429,47.39227317799788,43.74351064611645,30.8943300958618
657a2752,Preset,random,57,A3,62.63807650709647,58.31232773926935,52.525564492452105,63.610617356578686,49.760290824208234,42.2552545886207,30.605246359101006,63.47436668211526,50.94040964692539,55.77543717562432,62.37495869665429,47.39227317799788,43.74351064611645,30.8943300958618
657a2752,Preset,random,69,A4,63.751425178821776,49.40919229544548,55.72009008414537,63.92959842168433,47.36271467082324,44.0981136104849,30.33203197774026,63.47436668211526,50.94040964692539,55.77543717562432,62.37495869665429,47.39227317799788,43.74351064611645,30.8943300958618
657a2752,Preset,random,81,A5,62.80350392540632,46.166826405527786,54.17622536336583,60.57086551183857,46.911241668909696,43.70444694652864,31.087062937068644,63.47436668211526,50.94040964692539,55.77543717562432,62.37495869665429,47.39227317799788,43.74351064611645,30.8943300958618
657a2752,Preset,random,93,A6,62.3877011837579,35.79955745786738,56.92325373898933,57.49119708676615,43.669239916478304,45.29988627540625,12.868052621084555,63.47436668211526,50.94040964692539,55.77543717562432,62.37495869665429,47.39227317799788,43.74351064611645,30.8943300958618
b1c84506,Preset,random,45,A2,90.36867610064078,7.2701552971732895,68.00343565328711,83.07262163457935,20.38047132774809,89.5877908805121,-25.573149457884185,90.4585794559943,6.773105948015939,64.32958049394313,73.48778682173366,20.394871948978988,88.50324935127196,-34.168364712810515
b1c84506,Preset,random,57,A3,90.31501895488941,8.137851308583322,65.92114779806934,81.5433403598264,20.287289968131883,89.32169408671572,-26.661148189691275,90.4585794559943,6.773105948015939,64.32958049394313,73.48778682173366,20.394871948978988,88.50324935127196,-34.168364712810515
b1c84506,Preset,random,69,A4,90.41326000019546,8.910110940722674,62.952057888089655,73.89033823464348,19.87073701883463,89.51921127003871,-37.3770737505055,90.4585794559943,6.773105948015939,64.32958049394313,73.48778682173366,20.394871948978988,88.50324935127196,-34.168364712810515
b1c84506,Preset,random,81,A5,90.50559454123133,7.987013293149651,58.90697135140607,64.79778022583605,20.389918213278854,89.66653102388256,-23.74470079451472,90.4585794559943,6.773105948015939,64.32958049394313,73.48778682173366,20.394871948978988,88.50324935127196,-34.168364712810515
b1c84506,Preset,random,93,A6,90.57661677555099,4.65371848102059,58.934484233559516,52.731499215589146,19.95107460544999,90.39155368903393,-32.43351175688508,90.4585794559943,6.773105948015939,64.32958049394313,73.48778682173366,20.394871948978988,88.50324935127196,-34.168364712810515
27f500f0,Preset,random,45,A2,52.282855792205204,69.04832306955053,50.14325965715807,39.21499359882257,58.29010207028021,46.37533292361886,39.99503635710491,51.078786612162766,62.71438656687109,54.07566866451799,57.90775486642514,54.437483879664455,44.2805208902991,36.1335869012336
27f500f0,Preset,random,57,A3,48.84587447751173,70.89559215552661,54.79328951981364,57.9557692231611,56.432989284762456,43.97864956723833,41.856399593328064,51.078786612162766,62.71438656687109,54.07566866451799,57.90775486642514,54.437483879664455,44.2805208902991,36.1335869012336
27f500f0,Preset,random,69,A4,51.06073697122816,62.72422804738512,53.813820307509786,57.86601519148881,56.8971177588674,44.25962408160737,36.182645364585625,51.078786612162766,62.71438656687109,54.07566866451799,57.90775486642514,54.437483879664455,44.2805208902991,36.1335869012336
27f500f0,Preset,random,81,A5,56.75266727037298,41.817665231991825,54.914840769823655,52.649164485830774,41.865630620161824,47.558236180680986,23.132628494953195,51.078786612162766,62.71438656687109,54.07566866451799,57.90775486642514,54.437483879664455,44.2805208902991,36.1335869012336
27f500f0,Preset,random,93,A6,62.81587943582198,25.505516696884392,59.86411795521451,44.92965216315635,29.783449885189885,53.607709603651216,3.282577784204662,51.078786612162766,62.71438656687109,54.07566866451799,57.90775486642514,54.437483879664455,44.2805208902991,36.1335869012336
fd859318,Preset,random,45,A2,7.989835764235281,77.0340420252613,16.169657577269845,0.0,58.74949701661947,38.853646733847114,50.92618055140882,20.40385158513033,77.40892511876058,35.08424953046374,31.048946298545534,68.02690688866986,15.058049890025977,56.990330923803214
fd859318,Preset,random,57,A3,9.842837821673832,72.94159076794008,24.654314067258994,39.657322566895644,58.5320565655262,17.18681596740523,62.827655286173616,20.40385158513033,77.40892511876058,35.08424953046374,31.048946298545534,68.02690688866986,15.058049890025977,56.990330923803214
fd859318,Preset,random,69,A4,20.405815501655425,77.36405627650205,35.0193160537783,31.054823094715037,68.07297617051286,14.980799573260498,57.014013054414846,20.40385158513033,77.40892511876058,35.08424953046374,31.048946298545534,68.02690688866986,15.058049890025977,56.990330923803214
fd859318,Preset,random,81,A5,26.067282649901788,73.86773990802581,36.958158750910655,28.886074353250297,68.89090816643582,24.169498650207835,56.030505051257606,20.40385158513033,77.40892511876058,35.08424953046374,31.048946298545534,68.02690688866986,15.058049890025977,56.990330923803214
fd859318,Preset,random,93,A6,27.446918582914847,73.48943586982105,36.42593470497742,23.13103803605518,66.48237938161591,27.05859161816334,56.54354275096934,20.40385158513033,77.40892511876058,35.08424953046374,31.048946298545534,68.02690688866986,15.058049890025977,56.990330923803214
a74047d9,Preset,random,45,A2,21.31638108790581,71.3985399297909,36.59884251690711,0.0,65.6755600867248,46.61514899363434,41.94672598148685,13.836680613012966,71.81127020916182,25.4328687967905,29.792398304279114,63.94034065383303,33.985306577152215,54.15631266767096
a74047d9,Preset,random,57,A3,20.671666668256314,71.02640854386249,31.851293882650097,0.0,66.26300947401394,43.64283170790353,45.00095568104497,13.836680613012966,71.81127020916182,25.4328687967905,29.792398304279114,63.94034065383303,33.985306577152215,54.15631266767096
a74047d9,Preset,random,69,A4,13.584359622191904,73.30706299550958,25.307262500458336,31.21771910990932,63.914603978369875,34.08302279471905,54.306390687167344,13.836680613012966,71.81127020916182,25.4328687967905,29.792398304279114,63.94034065383303,33.985306577152215,54.15631266767096
a74047d9,Preset,random,81,A5,10.870221028385231,67.53289983532711,12.822421473307969,44.17587773322212,61.07962477230657,28.35661592282468,57.05490357960113,13.836680613012966,71.81127020916182,25.4328687967905,29.792398304279114,63.94034065383303,33.985306577152215,54.15631266767096
a74047d9,Preset,random,93,A6,18.95573153030775,64.55281482952225,0.730786007740349,29.510666403436023,70.686188222921,18.88548422267237,54.201307369184406,13.836680613012966,71.81127020916182,25.4328687967905,29.792398304279114,63.94034065383303,33.985306577152215,54.15631266767096
0befda11,Preset,random,45,A2,24.894789013514387,70.06051859098032,23.60319710239186,35.50603901930354,66.09376400620881,15.293314708452858,56.015021140953664,27.9852361398165,49.354115103155976,19.20358588450543,39.75242900091042,60.23132608877358,22.510891052657477,26.152667430986476
0befda11,Preset,random,57,A3,27.366965421639275,65.00855089175278,19.2752469152868,39.1270117480259,68.20009989918955,-3.1268764100769886,56.28144206796516,27.9852361398165,49.354115103155976,19.20358588450543,39.75242900091042,60.23132608877358,22.510891052657477,26.152667430986476
0befda11,Preset,random,69,A4,27.72940590542275,49.29841032965868,21.08446247057327,37.55829665858508,60.177767169925986,21.970262025853824,27.50078746472689,27.9852361398165,49.354115103155976,19.20358588450543,39.75242900091042,60.23132608877358,22.510891052657477,26.152667430986476
0befda11,Preset,random,81,A5,37.28933927749447,48.694427086899424,32.320869095666325,49.919279148478076,61.60810629895401,25.62381844160374,38.02388274298693,27.9852361398165,49.354115103155976,19.20358588450543,39.75242900091042,60.23132608877358,22.510891052657477,26.152667430986476
0befda11,Preset,random,93,A6,39.49675868723632,67.19287922548237,38.28800600336986,50.97846533590135,66.67583306447357,23.078549567762483,43.33849262348954,27.9852361398165,49.354115103155976,19.20358588450543,39.75242900091042,60.23132608877358,22.510891052657477,26.152667430986476
d39bdbc5,Preset,random,45,A2,72.8454428071262,39.4965042306429,41.628450442088095,25.66186972234605,23.000279226817156,58.24680844772211,0.31906699318595244,83.15181193002404,35.32640185415799,33.53903443835851,0.0,18.62494340597023,87.05428109827882,13.864616614239402
d39bdbc5,Preset,random,57,A3,77.94888452542452,11.153003374609519,43.35942943907486,24.034161091797586,17.578638723326417,69.71629175020058,-6.379088003383899,83.15181193002404,35.32640185415799,33.53903443835851,0.0,18.62494340597023,87.05428109827882,13.864616614239402
d39bdbc5,Preset,random,69,A4,83.09628318236251,36.12396803299555,34.356046775573716,0.0,18.95861674342138,86.4297913062274,19.995995224595887,83.15181193002404,35.32640185415799,33.53903443835851,0.0,18.62494340597023,87.05428109827882,13.864616614239402
d39bdbc5,Preset,random,81,A5,85.02090022927551,31.01830933766768,41.65850559868866,0.0,26.12109652528512,93.69642347716474,25.819409785669468,83.15181193002404,35.32640185415799,33.53903443835851,0.0,18.62494340597023,87.05428109827882,13.864616614239402
d39bdbc5,Preset,random,93,A6,89.50299430467594,2.963974527283277,34.05132471624144,0.0,31.360150903260944,95.25973788030763,1.481807623419975,83.15181193002404,35.32640185415799,33.53903443835851,0.0,18.62494340597023,87.05428109827882,13.864616614239402
69191c53,Preset,random,45,A2,53.573261449636206,61.65156981843712,47.439140365794174,58.20780505565822,55.992118889102244,45.821188124039935,37.2015545330713,67.34883893890833,39.662955068164024,62.318984511133124,69.87889475519506,33.67752158213267,57.73129216383459,26.419821524010604
69191c53,Preset,random,57,A3,61.86168836308646,56.899227731490946,55.92141816119397,61.39326715938893,47.28131586770893,54.067115294249874,33.80334649726608,67.34883893890833,39.662955068164024,62.318984511133124,69.87889475519506,33.67752158213267,57.73129216383459,26.419821524010604
69191c53,Preset,random,69,A4,63.291051934698004,39.32190487578235,57.92438740442134,66.15450957027096,35.29339250662656,54.22856884378504,24.458955640525126,67.34883893890833,39.662955068164024,62.318984511133124,69.87889475519506,33.67752158213267,57.73129216383459,26.419821524010604
69191c53,Preset,random,81,A5,70.40419977176566,23.37767158079192,62.61120872928291,70.59295275292247,22.33876564324948,61.38589392372672,-2.251658040504971,67.34883893890833,39.662955068164024,62.318984511133124,69.87889475519506,33.67752158213267,57.73129216383459,26.419821524010604
69191c53,Preset,random,93,A6,73.58024846931018,17.0015772623943,61.50878804392363,66.25036240416966,17.272836043225855,66.92677869678441,-3.617260565944399,67.34883893890833,39.662955068164024,62.318984511133124,69.87889475519506,33.67752158213267,57.73129216383459,26.419821524010604
6c16859c,Preset,random,45,A2,30.606099338699718,73.5088744720691,46.30478945329358,0.0,68.1076462734427,49.64023018892455,37.35567101306204,30.25492330898982,72.94599990595118,43.512064609016534,0.0,67.72037255096498,45.243227768481056,44.42892139424809
6c16859c,Preset,random,57,A3,29.194318746453984,77.43335233158882,48.3753876005467,38.313519158171104,66.18721847537304,48.169238437835276,39.84428779351485,30.25492330898982,72.94599990595118,43.512064609016534,0.0,67.72037255096498,45.243227768481056,44.42892139424809
6c16859c,Preset,random,69,A4,30.26334580562327,72.94109181697387,43.55053659188971,0.0,67.87535989873653,45.21755289216202,44.45824530857519,30.25492330898982,72.94599990595118,43.512064609016534,0.0,67.72037255096498,45.243227768481056,44.42892139424809
6c16859c,Preset,random,81,A5,29.231127504094502,75.41532049020597,43.327286627996415,0.0,67.3982674562342,39.27024311328457,50.478539004742416,30.25492330898982,72.94599990595118,43.512064609016534,0.0,67.72037255096498,45.243227768481056,44.42892139424809
6c16859c,Preset,random,93,A6,25.906455731884666,74.5810147053117,37.29396180367962,24.082923682274615,66.87761057540335,29.647992212555973,55.94583892153579,30.25492330898982,72.94599990595118,43.512064609016534,0.0,67.72037255096498,45.243227768481056,44.42892139424809
5771c4d5,Preset,random,45,A2,25.263697699127,77.04745441506682,38.4284145326796,34.369084857044484,73.39883278260446,13.514941400499751,51.05508180600763,29.69042539615945,77.26874731322619,40.39519086516684,34.72192998358349,71.82930119411364,20.991505152056916,50.44929321410512
5771c4d5,Preset,random,57,A3,13.994295165968872,75.61965834762324,23.87178631750551,32.13378986780717,67.71075842592413,10.426063738114056,57.14641165050165,29.69042539615945,77.26874731322619,40.39519086516684,34.72192998358349,71.82930119411364,20.991505152056916,50.44929321410512
5771c4d5,Preset,random,69,A4,21.506395935743292,75.63971485823576,35.38853012153372,42.10381013287613,73.01590196720329,12.017688173231438,49.149369758067806,29.69042539615945,77.26874731322619,40.39519086516684,34.72192998358349,71.82930119411364,20.991505152056916,50.44929321410512
5771c4d5,Preset,random,81,A5,26.913135255585214,78.0597633025873,38.448953456644034,27.853315294448848,70.27546580450456,25.18464401963736,52.42320833533715,29.69042539615945,77.26874731322619,40.39519086516684,34.72192998358349,71.82930119411364,20.991505152056916,50.44929321410512
5771c4d5,Preset,random,93,A6,19.84023822208988,78.59376870035771,29.017160230389408,33.382229867395864,64.12785654576254,1.522497638154647,63.64498307760396,29.69042539615945,77.26874731322619,40.39519086516684,34.72192998358349,71.82930119411364,20.991505152056916,50.44929321410512
65e9be6b,Preset,random,45,A2,46.0082600760083,71.97662305434741,43.92335250900035,44.365748759267255,58.83989850859274,45.368015982489936,45.09971287362147,47.622262398014314,56.74527726803298,56.3635168561695,45.15461132217832,60.5366265110038,43.808565634180276,38.457685495950685
65e9be6b,Preset,random,57,A3,43.59449502049721,68.11554765744003,41.02731927018891,47.97282481778147,60.003677659637816,42.99799552574923,45.70697169263015,47.622262398014314,56.74527726803298,56.3635168561695,45.15461132217832,60.5366265110038,43.808565634180276,38.457685495950685
65e9be6b,Preset,random,69,A4,48.900050579484855,59.92861820011074,58.2536522924139,45.366334028299086,57.46682661297262,45.88367012100582,36.23507203116698,47.622262398014314,56.74527726803298,56.3635168561695,45.15461132217832,60.5366265110038,43.808565634180276,38.457685495950685
65e9be6b,Preset,random,81,A5,54.0769668585644,40.905925421328064,64.14771038423052,49.96275449381677,46.42294672467544,47.595096201948465,25.06399604366046,47.622262398014314,56.74527726803298,56.3635168561695,45.15461132217832,60.5366265110038,43.808565634180276,38.457685495950685
65e9be6b,Preset,random,93,A6,60.00165414134394,22.06677478334027,64.57897108566084,53.040487428847584,31.912753614204863,51.94598111985097,14.896334553342058,47.622262398014314,56.74527726803298,56.3635168561695,45.15461132217832,60.5366265110038,43.808565634180276,38.457685495950685
893d90b0,Preset,random,45,A2,70.63629730395783,,76.83871795942514,61.43826888070344,40.58094663403372,60.71579108305427,25.747821044097403,78.06986353494716,40.86172571598994,80.37526069968735,75.52078855401982,24.26177548707054,66.78420238582137,23.8467624017697
893d90b0,Preset,random,57,A3,74.03883066304759,56.66099353523117,79.3330868913526,70.17293676227277,31.610897418979086,62.12173697479832,25.379648503860114,78.06986353494716,40.86172571598994,80.37526069968735,75.52078855401982,24.26177548707054,66.78420238582137,23.8467624017697
893d90b0,Preset,random,69,A4,77.90953297190505,40.18088179842461,79.95438973433622,75.36722256606173,23.71245109840895,67.2118299010299,23.71287897973182,78.06986353494716,40.86172571598994,80.37526069968735,75.52078855401982,24.26177548707054,66.78420238582137,23.8467624017697
893d90b0,Preset,random,81,A5,81.69458171871722,27.401162841800655,81.67857449652033,73.45321661589838,19.295866479680235,72.45430252510356,13.710974537320563,78.06986353494716,40.86172571598994,80.37526069968735,75.52078855401982,24.26177548707054,66.78420238582137,23.8467624017697
893d90b0,Preset,random,93,A6,85.27385215902052,21.439391186716982,74.65257578576595,80.78972237421179,17.063102535921118,78.41242884937144,-4.84163574798848,78.06986353494716,40.86172571598994,80.37526069968735,75.52078855401982,24.26177548707054,66.78420238582137,23.8467624017697
5ce104ec,Preset,random,45,A2,56.76363364325162,71.56465913177266,56.62420983430542,53.87955625783855,46.87873973283102,48.33251360940282,39.29058946640782,68.4490175153872,60.35847013173128,63.03588034038671,55.49366112486196,39.88743087795229,58.97921327449336,36.01161052454751
5ce104ec,Preset,random,57,A3,63.478819227209215,67.93478633108991,53.4795811785921,54.34358539347939,43.79406758019616,49.382350689079104,37.73417652331193,68.4490175153872,60.35847013173128,63.03588034038671,55.49366112486196,39.88743087795229,58.97921327449336,36.01161052454751
5ce104ec,Preset,random,69,A4,68.18322059633802,59.035268021441155,60.89718033934014,53.75229956698356,40.47800635787024,58.44581237042787,33.9328706099699,68.4490175153872,60.35847013173128,63.03588034038671,55.49366112486196,39.88743087795229,58.97921327449336,36.01161052454751
5ce104ec,Preset,random,81,A5,71.02530576656343,50.944113559624064,65.68402556876038,55.53665499727755,40.7087812217763,65.16212468924486,29.54330226386639,68.4490175153872,60.35847013173128,63.03588034038671,55.49366112486196,39.88743087795229,58.97921327449336,36.01161052454751
5ce104ec,Preset,random,93,A6,76.21767946260208,27.55838432037458,66.20940126544647,51.827177488273165,24.139554835902263,57.694924012111976,2.6403657622104717,68.4490175153872,60.35847013173128,63.03588034038671,55.49366112486196,39.88743087795229,58.97921327449336,36.01161052454751
ee2e45e2,Preset,random,45,A2,68.72702798286632,48.18758473409031,73.43671500431577,71.91986940250958,32.63591094794507,58.220139786002434,27.22426786741326,74.54063319005479,26.423357782835318,72.18490228737872,64.9703663709407,23.4832745927988,65.79050291902102,7.172952254199171
ee2e45e2,Preset,random,57,A3,72.1662416747993,29.505417256435095,75.19504333932284,69.12321373424354,23.108565996834972,62.78385366509005,17.517059799285377,74.54063319005479,26.423357782835318,72.18490228737872,64.9703663709407,23.4832745927988,65.79050291902102,7.172952254199171
ee2e45e2,Preset,random,69,A4,74.147034465687,25.581169675517437,75.48297098792767,63.43266994113888,23.159907884898935,65.86966336204023,7.0495702574422445,74.54063319005479,26.423357782835318,72.18490228737872,64.9703663709407,23.4832745927988,65.79050291902102,7.172952254199171
ee2e45e2,Preset,random,81,A5,80.9891064238785,20.74899484324797,72.22304392129593,58.714642208754405,19.24030452913354,75.09816252565068,-8.155964149577748,74.54063319005479,26.423357782835318,72.18490228737872,64.9703663709407,23.4832745927988,65.79050291902102,7.172952254199171
ee2e45e2,Preset,random,93,A6,80.52917289546163,15.138620348571365,75.69472438452115,48.03122076612115,18.310510760381103,77.01134310822835,-12.86136931575362,74.54063319005479,26.423357782835318,72.18490228737872,64.9703663709407,23.4832745927988,65.79050291902102,7.172952254199171
418e6410,Preset,random,45,A2,26.244111970376004,55.482725154086225,25.797981818068976,45.607445187223895,65.95989118006315,31.319835251699203,44.6472465941943,27.085136445120618,57.13121096423808,11.378008229265376,41.509016370132876,67.31436173861,23.978210186418938,43.424931474698944
418e6410,Preset,random,57,A3,26.064637245883738,59.43124654563488,24.00375777896656,52.18301934637731,64.25439938181515,18.861700822088853,47.31356607738215,27.085136445120618,57.13121096423808,11.378008229265376,41.509016370132876,67.31436173861,23.978210186418938,43.424931474698944
418e6410,Preset,random,69,A4,25.463488846361336,54.378501297207734,20.27563704991084,41.142522950634415,65.64973601229207,22.822344363265422,43.767758164155765,27.085136445120618,57.13121096423808,11.378008229265376,41.509016370132876,67.31436173861,23.978210186418938,43.424931474698944
418e6410,Preset,random,81,A5,33.25525170550333,39.49219740020703,9.282682956455403,0.0,51.58818467989545,24.65105496433843,30.204160513978792,27.085136445120618,57.13121096423808,11.378008229265376,41.509016370132876,67.31436173861,23.978210186418938,43.424931474698944
418e6410,Preset,random,93,A6,36.944489593028536,31.75347119249909,15.474506095162255,0.0,44.360010178252445,30.44675253424917,15.319320539780058,27.085136445120618,57.13121096423808,11.378008229265376,41.509016370132876,67.31436173861,23.978210186418938,43.424931474698944
e20ce286,Preset,random,45,A2,61.7009125756245,37.823432969156116,58.33916072098387,59.975378744489305,38.269382331891826,49.49832885280882,20.356818121673477,70.36301108367371,17.27218005107722,59.397681163450585,52.518335209560576,22.579844965274113,59.62269197003776,9.750554017384264
e20ce286,Preset,random,57,A3,65.57888795484965,23.004180790959246,53.76766714690427,56.10692327738904,26.61473461107955,54.78358239672188,13.376592275964653,70.36301108367371,17.27218005107722,59.397681163450585,52.518335209560576,22.579844965274113,59.62269197003776,9.750554017384264
e20ce286,Preset,random,69,A4,71.19149311648981,18.30537207432495,64.57390108025186,53.61581391209462,22.182955737613902,61.12510483365696,5.037239727941429,70.36301108367371,17.27218005107722,59.397681163450585,52.518335209560576,22.579844965274113,59.62269197003776,9.750554017384264
e20ce286,Preset,random,81,A5,77.3304420717381,10.941979169986865,61.35216303352098,51.658403951719315,16.799656339467035,69.82989185863947,-12.556622798196159,70.36301108367371,17.27218005107722,59.397681163450585,52.518335209560576,22.579844965274113,59.62269197003776,9.750554017384264
e20ce286,Preset,random,93,A6,82.37853823023525,4.8929641619262085,60.836707513430525,56.07470179455098,16.80504945248188,83.37169746033067,-5.951178876217995,70.36301108367371,17.27218005107722,59.397681163450585,52.518335209560576,22.579844965274113,59.62269197003776,9.750554017384264
23610cd4,Preset,random,45,A2,36.97278669647719,71.86310584112076,36.66068253013991,44.415299299795386,59.80833526279092,27.96571332847772,48.724749291950246,40.0684896886841,58.78579771277349,38.55468733198299,43.9629564998622,56.080795895238595,29.42093381302246,46.311666886796516
23610cd4,Preset,random,57,A3,38.31507759731725,67.66740379680176,33.57614360130178,42.01456656997407,58.76763828800216,26.78222931600004,49.589033548843055,40.0684896886841,58.78579771277349,38.55468733198299,43.9629564998622,56.080795895238595,29.42093381302246,46.311666886796516
23610cd4,Preset,random,69,A4,40.99487798911851,58.01393675633498,40.186607845811565,41.64251974422403,57.6379417150798,24.292934604082326,48.61216669190284,40.0684896886841,58.78579771277349,38.55468733198299,43.9629564998622,56.080795895238595,29.42093381302246,46.311666886796516
23610cd4,Preset,random,81,A5,41.29223928804107,44.752367161463994,39.12495402686406,37.76243443556259,43.37215319757864,38.519786323781354,30.122290334030993,40.0684896886841,58.78579771277349,38.55468733198299,43.9629564998622,56.080795895238595,29.42093381302246,46.311666886796516
23610cd4,Preset,random,93,A6,56.32001750705509,47.936863792493,82.11739478189853,58.685940640366,39.91429881095554,47.71172798835707,34.99270728429173,40.0684896886841,58.78579771277349,38.55468733198299,43.9629564998622,56.080795895238595,29.42093381302246,46.311666886796516
56d3fdfb,Preset,random,45,A2,44.01142621085381,67.9319008749013,47.83407193821586,35.2050641700524,56.02185055035196,39.284767592333885,43.09684402947211,50.91284084639251,43.58986631823622,54.17989858171916,37.091617045279754,41.74095589266663,42.83611191180054,32.421060492383305
56d3fdfb,Preset,random,57,A3,45.38776274485475,61.31328906257994,54.54184979796591,30.402511808214705,54.635183155406374,38.751069731724435,41.86366988203924,50.91284084639251,43.58986631823622,54.17989858171916,37.091617045279754,41.74095589266663,42.83611191180054,32.421060492383305
56d3fdfb,Preset,random,69,A4,50.89015115492145,44.291007073116845,53.568231238669455,35.47551509386404,41.21143328278253,42.53025680619467,32.80432990105843,50.91284084639251,43.58986631823622,54.17989858171916,37.091617045279754,41.74095589266663,42.83611191180054,32.421060492383305
56d3fdfb,Preset,random,81,A5,58.87332103466642,21.69541996320543,59.1476477333766,30.83144475936702,25.736568170886706,48.66531772057793,12.19211570215664,50.91284084639251,43.58986631823622,54.17989858171916,37.091617045279754,41.74095589266663,42.83611191180054,32.421060492383305
56d3fdfb,Preset,random,93,A6,66.18057892912051,12.021714097312838,62.56415302392588,27.945200219857398,19.126091444730726,58.288234736888185,-1.308788083882007,50.91284084639251,43.58986631823622,54.17989858171916,37.091617045279754,41.74095589266663,42.83611191180054,32.421060492383305
5045c19e,Preset,random,45,A2,15.508644908354547,74.47352580244514,32.58126413955662,36.69337697237981,62.09604234614742,33.370692196596195,53.95833222892627,25.40143827904251,55.47662739843939,29.218163221372066,26.533785134506406,59.152823001708235,18.499759123775895,47.315609318286334
5045c19e,Preset,random,57,A3,18.110935151459998,65.39829555177094,30.748660142289197,26.401137563122706,62.34192397563116,27.38709046738526,53.3319302596012,25.40143827904251,55.47662739843939,29.218163221372066,26.533785134506406,59.152823001708235,18.499759123775895,47.315609318286334
5045c19e,Preset,random,69,A4,24.771092595517857,55.460178578342415,29.505683455178854,0.0,56.90697127299323,20.117988592172132,47.041889409704694,25.40143827904251,55.47662739843939,29.218163221372066,26.533785134506406,59.152823001708235,18.499759123775895,47.315609318286334
5045c19e,Preset,random,81,A5,32.87617902581046,43.84421366164612,31.901214542762602,27.771375636343297,52.509242762161925,23.695250560364304,38.35726279920827,25.40143827904251,55.47662739843939,29.218163221372066,26.533785134506406,59.152823001708235,18.499759123775895,47.315609318286334
5045c19e,Preset,random,93,A6,51.03503181817627,26.953158591125778,47.84553622225397,38.49791577314549,45.069623445086364,32.668277188111226,18.268073912192378,25.40143827904251,55.47662739843939,29.218163221372066,26.533785134506406,59.152823001708235,18.499759123775895,47.315609318286334
878d4759,Preset,random,45,A2,72.39690543234609,28.45329799384099,70.60165593941721,76.1678833214798,21.211686314069055,63.56913823303435,-0.3096315869183641,79.61099553834744,10.062424850396141,74.37909658649528,66.7950383025064,15.637812848476681,74.2131237990543,-16.39691027974702
878d4759,Preset,random,57,A3,76.80574277307596,16.983735138088974,71.05537291468426,73.45079140589422,17.909949155764508,68.38935266441322,8.632548301335422,79.61099553834744,10.062424850396141,74.37909658649528,66.7950383025064,15.637812848476681,74.2131237990543,-16.39691027974702
878d4759,Preset,random,69,A4,79.5466394451137,10.18375123265838,71.62229361769789,66.69387038998813,15.744004425639613,74.06299179939046,-19.596740033086228,79.61099553834744,10.062424850396141,74.37909658649528,66.7950383025064,15.637812848476681,74.2131237990543,-16.39691027974702
878d4759,Preset,random,81,A5,83.14321712387175,4.672035162962672,67.40691508354203,62.82062360178911,16.878931280688466,81.84922647499742,-10.12583419667616,79.61099553834744,10.062424850396141,74.37909658649528,66.7950383025064,15.637812848476681,74.2131237990543,-16.39691027974702
878d4759,Preset,random,93,A6,86.66557400599822,0.6349665435187433,66.5665280430062,58.65583549177446,22.000977354315562,94.00323204246395,-11.033975549173327,79.61099553834744,10.062424850396141,74.37909658649528,66.7950383025064,15.637812848476681,74.2131237990543,-16.39691027974702
09543c19,LDMetalGuitar,factory,45,A2,68.9904269731631,55.383573918998934,72.03391067853161,69.02389640951381,45.11453267454265,57.024001738257645,33.545182716387856,78.01967743982382,34.33126507873124,80.19493213445656,79.63489355968706,24.345012677907125,63.97591906781331,19.45811094184087
09543c19,LDMetalGuitar,factory,57,A3,72.40046133796245,51.06680350876625,78.01999935134975,75.99564866734228,34.87122200537246,59.12844686701804,30.62296437571878,78.01967743982382,34.33126507873124,80.19493213445656,79.63489355968706,24.345012677907125,63.97591906781331,19.45811094184087
09543c19,LDMetalGuitar,factory,69,A4,79.1886440482759,34.12031282522814,76.98284486984073,80.2734095169079,23.829616400302324,65.47495433356247,17.43682663517661,78.01967743982382,34.33126507873124,80.19493213445656,79.63489355968706,24.345012677907125,63.97591906781331,19.45811094184087
09543c19,LDMetalGuitar,factory,81,A5,82.67917574621322,25.585713979219477,73.13837205151222,75.22372617557986,18.438957971451607,71.52817340313823,7.328557753416817,78.01967743982382,34.33126507873124,80.19493213445656,79.63489355968706,24.345012677907125,63.97591906781331,19.45811094184087
09543c19,LDMetalGuitar,factory,93,A6,84.56606469106563,19.439991765346463,72.7850743403358,71.09088897737206,15.603729913221333,76.0785809094393,-9.853178449163366,78.01967743982382,34.33126507873124,80.19493213445656,79.63489355968706,24.345012677907125,63.97591906781331,19.45811094184087
486ccdcb,Preset,random,45,A2,51.13134854864707,71.56031549456043,60.810959250141025,30.84726710419915,58.827091874578045,45.90371473533824,38.358344494850975,60.28666358412759,70.53314383722467,71.81370714782133,57.108364229055105,49.10693641820187,54.50771811073439,33.167818442961206
486ccdcb,Preset,random,57,A3,54.98782615756474,72.91886855273306,62.46885267251571,53.228962587937346,57.53373771331532,49.19709415914562,36.65997740846707,60.28666358412759,70.53314383722467,71.81370714782133,57.108364229055105,49.10693641820187,54.50771811073439,33.167818442961206
486ccdcb,Preset,random,69,A4,62.65393952207603,70.16744061597208,71.45046533624947,60.74453468260071,47.45274774879087,55.98232865947258,32.02343344283656,60.28666358412759,70.53314383722467,71.81370714782133,57.108364229055105,49.10693641820187,54.50771811073439,33.167818442961206
486ccdcb,Preset,random,81,A5,60.835837967502904,65.10781099935099,71.80769943885102,59.25531446206741,48.61225197483278,51.449332195258734,36.26470364669757,60.28666358412759,70.53314383722467,71.81370714782133,57.108364229055105,49.10693641820187,54.50771811073439,33.167818442961206
486ccdcb,Preset,random,93,A6,57.12466743726206,57.24236327749709,70.07616635530326,58.76223067706344,41.78913042595773,52.042835162699774,35.55656902464811,60.28666358412759,70.53314383722467,71.81370714782133,57.108364229055105,49.10693641820187,54.50771811073439,33.167818442961206
